"","Drift_ID","Site","Deployment_Date","AcousticScene","DriftPlot"
"1","ADRIFT_001","HUM","2021-08-22","ADRIFT_001_AcousticScene.png[<https://github.com/shannonrankin/ADRIFT_Report/tree/main/figs/acoustic_scenes/ADRIFT_001_AcousticScene.png>]","ADRIFT_001_DriftPlot.png"
"2","ADRIFT_002","HMB","2021-06-09","ADRIFT_002_AcousticScene.png[<https://github.com/shannonrankin/ADRIFT_Report/tree/main/figs/acoustic_scenes/ADRIFT_002_AcousticScene.png>]","ADRIFT_002_DriftPlot.png"
"3","ADRIFT_003","SFB","2021-07-25","ADRIFT_003_AcousticScene.png[<https://github.com/shannonrankin/ADRIFT_Report/tree/main/figs/acoustic_scenes/ADRIFT_003_AcousticScene.png>]","ADRIFT_003_DriftPlot.png"
"4","ADRIFT_005","SFB","2021-06-10","ADRIFT_005_AcousticScene.png[<https://github.com/shannonrankin/ADRIFT_Report/tree/main/figs/acoustic_scenes/ADRIFT_005_AcousticScene.png>]","ADRIFT_005_DriftPlot.png"
"5","ADRIFT_006","SFB","2021-07-25","ADRIFT_006_AcousticScene.png[<https://github.com/shannonrankin/ADRIFT_Report/tree/main/figs/acoustic_scenes/ADRIFT_006_AcousticScene.png>]","ADRIFT_006_DriftPlot.png"
"6","ADRIFT_007","SFB","2021-06-10","ADRIFT_007_AcousticScene.png[<https://github.com/shannonrankin/ADRIFT_Report/tree/main/figs/acoustic_scenes/ADRIFT_007_AcousticScene.png>]","ADRIFT_007_DriftPlot.png"
"7","ADRIFT_012","HUM","2022-01-18","ADRIFT_012_AcousticScene.png[<https://github.com/shannonrankin/ADRIFT_Report/tree/main/figs/acoustic_scenes/ADRIFT_012_AcousticScene.png>]","ADRIFT_012_DriftPlot.png"
"8","ADRIFT_013","MOB","2022-04-23","ADRIFT_013_AcousticScene.png[<https://github.com/shannonrankin/ADRIFT_Report/tree/main/figs/acoustic_scenes/ADRIFT_013_AcousticScene.png>]","ADRIFT_013_DriftPlot.png"
"9","ADRIFT_015","SFB","2022-06-18","ADRIFT_015_AcousticScene.png[<https://github.com/shannonrankin/ADRIFT_Report/tree/main/figs/acoustic_scenes/ADRIFT_015_AcousticScene.png>]","ADRIFT_015_DriftPlot.png"
"10","ADRIFT_017","HUM","2022-04-25","ADRIFT_017_AcousticScene.png[<https://github.com/shannonrankin/ADRIFT_Report/tree/main/figs/acoustic_scenes/ADRIFT_017_AcousticScene.png>]","ADRIFT_017_DriftPlot.png"
"11","ADRIFT_018","HUM","2022-04-25","ADRIFT_018_AcousticScene.png[<https://github.com/shannonrankin/ADRIFT_Report/tree/main/figs/acoustic_scenes/ADRIFT_018_AcousticScene.png>]","ADRIFT_018_DriftPlot.png"
"12","ADRIFT_019","MBY","2022-06-21","ADRIFT_019_AcousticScene.png[<https://github.com/shannonrankin/ADRIFT_Report/tree/main/figs/acoustic_scenes/ADRIFT_019_AcousticScene.png>]","ADRIFT_019_DriftPlot.png"
"13","ADRIFT_020","MBY","2022-06-21","ADRIFT_020_AcousticScene.png[<https://github.com/shannonrankin/ADRIFT_Report/tree/main/figs/acoustic_scenes/ADRIFT_020_AcousticScene.png>]","ADRIFT_020_DriftPlot.png"
"14","ADRIFT_021","MBY","2022-06-21","ADRIFT_021_AcousticScene.png[<https://github.com/shannonrankin/ADRIFT_Report/tree/main/figs/acoustic_scenes/ADRIFT_021_AcousticScene.png>]","ADRIFT_021_DriftPlot.png"
"15","ADRIFT_022","MBY","2022-06-21","ADRIFT_022_AcousticScene.png[<https://github.com/shannonrankin/ADRIFT_Report/tree/main/figs/acoustic_scenes/ADRIFT_022_AcousticScene.png>]","ADRIFT_022_DriftPlot.png"
"16","ADRIFT_023","MBY","2022-06-21","ADRIFT_023_AcousticScene.png[<https://github.com/shannonrankin/ADRIFT_Report/tree/main/figs/acoustic_scenes/ADRIFT_023_AcousticScene.png>]","ADRIFT_023_DriftPlot.png"
"17","ADRIFT_024","MBY","2022-06-21","ADRIFT_024_AcousticScene.png[<https://github.com/shannonrankin/ADRIFT_Report/tree/main/figs/acoustic_scenes/ADRIFT_024_AcousticScene.png>]","ADRIFT_024_DriftPlot.png"
"18","ADRIFT_025","MBY","2022-06-21","ADRIFT_025_AcousticScene.png[<https://github.com/shannonrankin/ADRIFT_Report/tree/main/figs/acoustic_scenes/ADRIFT_025_AcousticScene.png>]","ADRIFT_025_DriftPlot.png"
"19","ADRIFT_026","MBY","2022-06-21","ADRIFT_026_AcousticScene.png[<https://github.com/shannonrankin/ADRIFT_Report/tree/main/figs/acoustic_scenes/ADRIFT_026_AcousticScene.png>]","ADRIFT_026_DriftPlot.png"
"20","ADRIFT_027","SFB","2022-07-26","ADRIFT_027_AcousticScene.png[<https://github.com/shannonrankin/ADRIFT_Report/tree/main/figs/acoustic_scenes/ADRIFT_027_AcousticScene.png>]","ADRIFT_027_DriftPlot.png"
"21","ADRIFT_028","SFB","2022-07-26","ADRIFT_028_AcousticScene.png[<https://github.com/shannonrankin/ADRIFT_Report/tree/main/figs/acoustic_scenes/ADRIFT_028_AcousticScene.png>]","ADRIFT_028_DriftPlot.png"
"22","ADRIFT_030","HUM","2022-07-28","ADRIFT_030_AcousticScene.png[<https://github.com/shannonrankin/ADRIFT_Report/tree/main/figs/acoustic_scenes/ADRIFT_030_AcousticScene.png>]","ADRIFT_030_DriftPlot.png"
"23","ADRIFT_031","HUM","2022-07-28","ADRIFT_031_AcousticScene.png[<https://github.com/shannonrankin/ADRIFT_Report/tree/main/figs/acoustic_scenes/ADRIFT_031_AcousticScene.png>]","ADRIFT_031_DriftPlot.png"
"24","ADRIFT_032","HUM","2022-09-13","ADRIFT_032_AcousticScene.png[<https://github.com/shannonrankin/ADRIFT_Report/tree/main/figs/acoustic_scenes/ADRIFT_032_AcousticScene.png>]","ADRIFT_032_DriftPlot.png"
"25","ADRIFT_033","HUM","2022-09-13","ADRIFT_033_AcousticScene.png[<https://github.com/shannonrankin/ADRIFT_Report/tree/main/figs/acoustic_scenes/ADRIFT_033_AcousticScene.png>]","ADRIFT_033_DriftPlot.png"
"26","ADRIFT_034","SFB","2022-09-27","ADRIFT_034_AcousticScene.png[<https://github.com/shannonrankin/ADRIFT_Report/tree/main/figs/acoustic_scenes/ADRIFT_034_AcousticScene.png>]","ADRIFT_034_DriftPlot.png"
"27","ADRIFT_036","HUM","2022-11-16","ADRIFT_036_AcousticScene.png[<https://github.com/shannonrankin/ADRIFT_Report/tree/main/figs/acoustic_scenes/ADRIFT_036_AcousticScene.png>]","ADRIFT_036_DriftPlot.png"
"28","ADRIFT_037","HUM","2022-11-16","ADRIFT_037_AcousticScene.png[<https://github.com/shannonrankin/ADRIFT_Report/tree/main/figs/acoustic_scenes/ADRIFT_037_AcousticScene.png>]","ADRIFT_037_DriftPlot.png"
"29","ADRIFT_038","HUM","2022-11-16","ADRIFT_038_AcousticScene.png[<https://github.com/shannonrankin/ADRIFT_Report/tree/main/figs/acoustic_scenes/ADRIFT_038_AcousticScene.png>]","ADRIFT_038_DriftPlot.png"
"30","ADRIFT_039","HUM","2022-12-13","ADRIFT_039_AcousticScene.png[<https://github.com/shannonrankin/ADRIFT_Report/tree/main/figs/acoustic_scenes/ADRIFT_039_AcousticScene.png>]","ADRIFT_039_DriftPlot.png"
"31","ADRIFT_040","HUM","2022-12-13","ADRIFT_040_AcousticScene.png[<https://github.com/shannonrankin/ADRIFT_Report/tree/main/figs/acoustic_scenes/ADRIFT_040_AcousticScene.png>]","ADRIFT_040_DriftPlot.png"
"32","ADRIFT_041","HUM","2022-12-13","ADRIFT_041_AcousticScene.png[<https://github.com/shannonrankin/ADRIFT_Report/tree/main/figs/acoustic_scenes/ADRIFT_041_AcousticScene.png>]","ADRIFT_041_DriftPlot.png"
"33","ADRIFT_042","ORE","2023-03-16","ADRIFT_042_AcousticScene.png[<https://github.com/shannonrankin/ADRIFT_Report/tree/main/figs/acoustic_scenes/ADRIFT_042_AcousticScene.png>]","ADRIFT_042_DriftPlot.png"
"34","ADRIFT_043","ORE","2023-03-16","ADRIFT_043_AcousticScene.png[<https://github.com/shannonrankin/ADRIFT_Report/tree/main/figs/acoustic_scenes/ADRIFT_043_AcousticScene.png>]","ADRIFT_043_DriftPlot.png"
"35","ADRIFT_044","ORE","2023-03-16","ADRIFT_044_AcousticScene.png[<https://github.com/shannonrankin/ADRIFT_Report/tree/main/figs/acoustic_scenes/ADRIFT_044_AcousticScene.png>]","ADRIFT_044_DriftPlot.png"
"36","ADRIFT_045","ORE","2023-03-16","ADRIFT_045_AcousticScene.png[<https://github.com/shannonrankin/ADRIFT_Report/tree/main/figs/acoustic_scenes/ADRIFT_045_AcousticScene.png>]","ADRIFT_045_DriftPlot.png"
"37","ADRIFT_046","MBY","2023-03-11","ADRIFT_046_AcousticScene.png[<https://github.com/shannonrankin/ADRIFT_Report/tree/main/figs/acoustic_scenes/ADRIFT_046_AcousticScene.png>]","ADRIFT_046_DriftPlot.png"
"38","ADRIFT_047","MBY","2023-03-11","ADRIFT_047_AcousticScene.png[<https://github.com/shannonrankin/ADRIFT_Report/tree/main/figs/acoustic_scenes/ADRIFT_047_AcousticScene.png>]","ADRIFT_047_DriftPlot.png"
"39","ADRIFT_048","MBY","2023-03-11","ADRIFT_048_AcousticScene.png[<https://github.com/shannonrankin/ADRIFT_Report/tree/main/figs/acoustic_scenes/ADRIFT_048_AcousticScene.png>]","ADRIFT_048_DriftPlot.png"
"40","ADRIFT_049","MBY","2023-03-11","ADRIFT_049_AcousticScene.png[<https://github.com/shannonrankin/ADRIFT_Report/tree/main/figs/acoustic_scenes/ADRIFT_049_AcousticScene.png>]","ADRIFT_049_DriftPlot.png"
"41","ADRIFT_050","MBY","2023-03-11","ADRIFT_050_AcousticScene.png[<https://github.com/shannonrankin/ADRIFT_Report/tree/main/figs/acoustic_scenes/ADRIFT_050_AcousticScene.png>]","ADRIFT_050_DriftPlot.png"
"42","ADRIFT_051","MBY","2023-03-11","ADRIFT_051_AcousticScene.png[<https://github.com/shannonrankin/ADRIFT_Report/tree/main/figs/acoustic_scenes/ADRIFT_051_AcousticScene.png>]","ADRIFT_051_DriftPlot.png"
"43","ADRIFT_052","MBY","2023-03-11","ADRIFT_052_AcousticScene.png[<https://github.com/shannonrankin/ADRIFT_Report/tree/main/figs/acoustic_scenes/ADRIFT_052_AcousticScene.png>]","ADRIFT_052_DriftPlot.png"
"44","ADRIFT_053","MBY","2023-03-11","ADRIFT_053_AcousticScene.png[<https://github.com/shannonrankin/ADRIFT_Report/tree/main/figs/acoustic_scenes/ADRIFT_053_AcousticScene.png>]","ADRIFT_053_DriftPlot.png"
"45","ADRIFT_054","HUM","2023-03-16","ADRIFT_054_AcousticScene.png[<https://github.com/shannonrankin/ADRIFT_Report/tree/main/figs/acoustic_scenes/ADRIFT_054_AcousticScene.png>]","ADRIFT_054_DriftPlot.png"
"46","ADRIFT_055","HUM","2023-03-16","ADRIFT_055_AcousticScene.png[<https://github.com/shannonrankin/ADRIFT_Report/tree/main/figs/acoustic_scenes/ADRIFT_055_AcousticScene.png>]","ADRIFT_055_DriftPlot.png"
"47","ADRIFT_057","HUM","2023-03-16","ADRIFT_057_AcousticScene.png[<https://github.com/shannonrankin/ADRIFT_Report/tree/main/figs/acoustic_scenes/ADRIFT_057_AcousticScene.png>]","ADRIFT_057_DriftPlot.png"
"48","ADRIFT_058","ORE","2023-04-13","ADRIFT_058_AcousticScene.png[<https://github.com/shannonrankin/ADRIFT_Report/tree/main/figs/acoustic_scenes/ADRIFT_058_AcousticScene.png>]","ADRIFT_058_DriftPlot.png"
"49","ADRIFT_059","ORE","2023-04-13","ADRIFT_059_AcousticScene.png[<https://github.com/shannonrankin/ADRIFT_Report/tree/main/figs/acoustic_scenes/ADRIFT_059_AcousticScene.png>]","ADRIFT_059_DriftPlot.png"
"50","ADRIFT_060","ORE","2023-04-13","ADRIFT_060_AcousticScene.png[<https://github.com/shannonrankin/ADRIFT_Report/tree/main/figs/acoustic_scenes/ADRIFT_060_AcousticScene.png>]","ADRIFT_060_DriftPlot.png"
"51","ADRIFT_061","ORE","2023-04-13","ADRIFT_061_AcousticScene.png[<https://github.com/shannonrankin/ADRIFT_Report/tree/main/figs/acoustic_scenes/ADRIFT_061_AcousticScene.png>]","ADRIFT_061_DriftPlot.png"
"52","ADRIFT_062","ORE","2023-04-26","ADRIFT_062_AcousticScene.png[<https://github.com/shannonrankin/ADRIFT_Report/tree/main/figs/acoustic_scenes/ADRIFT_062_AcousticScene.png>]","ADRIFT_062_DriftPlot.png"
"53","ADRIFT_063","ORE","2023-04-26","ADRIFT_063_AcousticScene.png[<https://github.com/shannonrankin/ADRIFT_Report/tree/main/figs/acoustic_scenes/ADRIFT_063_AcousticScene.png>]","ADRIFT_063_DriftPlot.png"
"54","ADRIFT_064","ORE","2023-04-26","ADRIFT_064_AcousticScene.png[<https://github.com/shannonrankin/ADRIFT_Report/tree/main/figs/acoustic_scenes/ADRIFT_064_AcousticScene.png>]","ADRIFT_064_DriftPlot.png"
"55","ADRIFT_065","ORE","2023-04-26","ADRIFT_065_AcousticScene.png[<https://github.com/shannonrankin/ADRIFT_Report/tree/main/figs/acoustic_scenes/ADRIFT_065_AcousticScene.png>]","ADRIFT_065_DriftPlot.png"
"56","ADRIFT_067","SFB","2023-05-08","ADRIFT_067_AcousticScene.png[<https://github.com/shannonrankin/ADRIFT_Report/tree/main/figs/acoustic_scenes/ADRIFT_067_AcousticScene.png>]","ADRIFT_067_DriftPlot.png"
"57","ADRIFT_068","HUM","2023-05-07","ADRIFT_068_AcousticScene.png[<https://github.com/shannonrankin/ADRIFT_Report/tree/main/figs/acoustic_scenes/ADRIFT_068_AcousticScene.png>]","ADRIFT_068_DriftPlot.png"
"58","ADRIFT_070","HUM","2023-05-07","ADRIFT_070_AcousticScene.png[<https://github.com/shannonrankin/ADRIFT_Report/tree/main/figs/acoustic_scenes/ADRIFT_070_AcousticScene.png>]","ADRIFT_070_DriftPlot.png"
"59","ADRIFT_071","HUM","2023-05-07","ADRIFT_071_AcousticScene.png[<https://github.com/shannonrankin/ADRIFT_Report/tree/main/figs/acoustic_scenes/ADRIFT_071_AcousticScene.png>]","ADRIFT_071_DriftPlot.png"
"60","ADRIFT_072","ORE","2023-05-17","ADRIFT_072_AcousticScene.png[<https://github.com/shannonrankin/ADRIFT_Report/tree/main/figs/acoustic_scenes/ADRIFT_072_AcousticScene.png>]","ADRIFT_072_DriftPlot.png"
"61","ADRIFT_073","ORE","2023-05-17","ADRIFT_073_AcousticScene.png[<https://github.com/shannonrankin/ADRIFT_Report/tree/main/figs/acoustic_scenes/ADRIFT_073_AcousticScene.png>]","ADRIFT_073_DriftPlot.png"
"62","ADRIFT_074","ORE","2023-05-17","ADRIFT_074_AcousticScene.png[<https://github.com/shannonrankin/ADRIFT_Report/tree/main/figs/acoustic_scenes/ADRIFT_074_AcousticScene.png>]","ADRIFT_074_DriftPlot.png"
"63","ADRIFT_075","ORE","2023-05-17","ADRIFT_075_AcousticScene.png[<https://github.com/shannonrankin/ADRIFT_Report/tree/main/figs/acoustic_scenes/ADRIFT_075_AcousticScene.png>]","ADRIFT_075_DriftPlot.png"
"64","ADRIFT_077","ORE","2023-07-17","ADRIFT_077_AcousticScene.png[<https://github.com/shannonrankin/ADRIFT_Report/tree/main/figs/acoustic_scenes/ADRIFT_077_AcousticScene.png>]","ADRIFT_077_DriftPlot.png"
"65","ADRIFT_078","ORE","2023-07-17","ADRIFT_078_AcousticScene.png[<https://github.com/shannonrankin/ADRIFT_Report/tree/main/figs/acoustic_scenes/ADRIFT_078_AcousticScene.png>]","ADRIFT_078_DriftPlot.png"
"66","ADRIFT_079","MBY","2023-07-11","ADRIFT_079_AcousticScene.png[<https://github.com/shannonrankin/ADRIFT_Report/tree/main/figs/acoustic_scenes/ADRIFT_079_AcousticScene.png>]","ADRIFT_079_DriftPlot.png"
"67","ADRIFT_080","MBY","2023-07-11","ADRIFT_080_AcousticScene.png[<https://github.com/shannonrankin/ADRIFT_Report/tree/main/figs/acoustic_scenes/ADRIFT_080_AcousticScene.png>]","ADRIFT_080_DriftPlot.png"
"68","ADRIFT_081","MBY","2023-07-11","ADRIFT_081_AcousticScene.png[<https://github.com/shannonrankin/ADRIFT_Report/tree/main/figs/acoustic_scenes/ADRIFT_081_AcousticScene.png>]","ADRIFT_081_DriftPlot.png"
"69","ADRIFT_082","MBY","2023-07-11","ADRIFT_082_AcousticScene.png[<https://github.com/shannonrankin/ADRIFT_Report/tree/main/figs/acoustic_scenes/ADRIFT_082_AcousticScene.png>]","ADRIFT_082_DriftPlot.png"
"70","ADRIFT_083","MBY","2023-07-11","ADRIFT_083_AcousticScene.png[<https://github.com/shannonrankin/ADRIFT_Report/tree/main/figs/acoustic_scenes/ADRIFT_083_AcousticScene.png>]","ADRIFT_083_DriftPlot.png"
"71","ADRIFT_085","ORE","2023-08-04","ADRIFT_085_AcousticScene.png[<https://github.com/shannonrankin/ADRIFT_Report/tree/main/figs/acoustic_scenes/ADRIFT_085_AcousticScene.png>]","ADRIFT_085_DriftPlot.png"
"72","ADRIFT_086","ORE","2023-08-04","ADRIFT_086_AcousticScene.png[<https://github.com/shannonrankin/ADRIFT_Report/tree/main/figs/acoustic_scenes/ADRIFT_086_AcousticScene.png>]","ADRIFT_086_DriftPlot.png"
"73","ADRIFT_087","ORE","2023-08-04","ADRIFT_087_AcousticScene.png[<https://github.com/shannonrankin/ADRIFT_Report/tree/main/figs/acoustic_scenes/ADRIFT_087_AcousticScene.png>]","ADRIFT_087_DriftPlot.png"
"74","ADRIFT_088","HUM","2023-08-25","ADRIFT_088_AcousticScene.png[<https://github.com/shannonrankin/ADRIFT_Report/tree/main/figs/acoustic_scenes/ADRIFT_088_AcousticScene.png>]","ADRIFT_088_DriftPlot.png"
"75","ADRIFT_089","HUM","2023-08-25","ADRIFT_089_AcousticScene.png[<https://github.com/shannonrankin/ADRIFT_Report/tree/main/figs/acoustic_scenes/ADRIFT_089_AcousticScene.png>]","ADRIFT_089_DriftPlot.png"
"76","ADRIFT_090","HUM","2023-08-25","ADRIFT_090_AcousticScene.png[<https://github.com/shannonrankin/ADRIFT_Report/tree/main/figs/acoustic_scenes/ADRIFT_090_AcousticScene.png>]","ADRIFT_090_DriftPlot.png"
"77","ADRIFT_091","HUM","2023-08-25","ADRIFT_091_AcousticScene.png[<https://github.com/shannonrankin/ADRIFT_Report/tree/main/figs/acoustic_scenes/ADRIFT_091_AcousticScene.png>]","ADRIFT_091_DriftPlot.png"
"78","ADRIFT_092","SFB","2023-09-17","ADRIFT_092_AcousticScene.png[<https://github.com/shannonrankin/ADRIFT_Report/tree/main/figs/acoustic_scenes/ADRIFT_092_AcousticScene.png>]","ADRIFT_092_DriftPlot.png"
"79","ADRIFT_097","HUM","2023-10-05","ADRIFT_097_AcousticScene.png[<https://github.com/shannonrankin/ADRIFT_Report/tree/main/figs/acoustic_scenes/ADRIFT_097_AcousticScene.png>]","ADRIFT_097_DriftPlot.png"
"80","ADRIFT_098","HUM","2023-10-05","ADRIFT_098_AcousticScene.png[<https://github.com/shannonrankin/ADRIFT_Report/tree/main/figs/acoustic_scenes/ADRIFT_098_AcousticScene.png>]","ADRIFT_098_DriftPlot.png"
"81","ADRIFT_099","HUM","2023-10-05","ADRIFT_099_AcousticScene.png[<https://github.com/shannonrankin/ADRIFT_Report/tree/main/figs/acoustic_scenes/ADRIFT_099_AcousticScene.png>]","ADRIFT_099_DriftPlot.png"
"82","ADRIFT_100","HUM","2023-10-05","ADRIFT_100_AcousticScene.png[<https://github.com/shannonrankin/ADRIFT_Report/tree/main/figs/acoustic_scenes/ADRIFT_100_AcousticScene.png>]","ADRIFT_100_DriftPlot.png"
"83","ADRIFT_101","MBY","2023-11-06","ADRIFT_101_AcousticScene.png[<https://github.com/shannonrankin/ADRIFT_Report/tree/main/figs/acoustic_scenes/ADRIFT_101_AcousticScene.png>]","ADRIFT_101_DriftPlot.png"
"84","ADRIFT_102","MBY","2023-11-06","ADRIFT_102_AcousticScene.png[<https://github.com/shannonrankin/ADRIFT_Report/tree/main/figs/acoustic_scenes/ADRIFT_102_AcousticScene.png>]","ADRIFT_102_DriftPlot.png"
"85","ADRIFT_103","MBY","2023-11-06","ADRIFT_103_AcousticScene.png[<https://github.com/shannonrankin/ADRIFT_Report/tree/main/figs/acoustic_scenes/ADRIFT_103_AcousticScene.png>]","ADRIFT_103_DriftPlot.png"
"86","ADRIFT_104","MBY","2023-11-06","ADRIFT_104_AcousticScene.png[<https://github.com/shannonrankin/ADRIFT_Report/tree/main/figs/acoustic_scenes/ADRIFT_104_AcousticScene.png>]","ADRIFT_104_DriftPlot.png"
"87","ADRIFT_105","MBY","2023-11-06","ADRIFT_105_AcousticScene.png[<https://github.com/shannonrankin/ADRIFT_Report/tree/main/figs/acoustic_scenes/ADRIFT_105_AcousticScene.png>]","ADRIFT_105_DriftPlot.png"
"88","ADRIFT_106","MBY","2023-11-06","ADRIFT_106_AcousticScene.png[<https://github.com/shannonrankin/ADRIFT_Report/tree/main/figs/acoustic_scenes/ADRIFT_106_AcousticScene.png>]","ADRIFT_106_DriftPlot.png"
"89","ADRIFT_107","MBY","2023-11-06","ADRIFT_107_AcousticScene.png[<https://github.com/shannonrankin/ADRIFT_Report/tree/main/figs/acoustic_scenes/ADRIFT_107_AcousticScene.png>]","ADRIFT_107_DriftPlot.png"
"90","ADRIFT_108","MBY","2023-11-06","ADRIFT_108_AcousticScene.png[<https://github.com/shannonrankin/ADRIFT_Report/tree/main/figs/acoustic_scenes/ADRIFT_108_AcousticScene.png>]","ADRIFT_108_DriftPlot.png"
