"","Project","DeploymentID","Site","Cruise","Status","Platform","Region","Type","Instrument_ID","GPS_Tracker","GPS_ID","GPS_Timing","Depth_Sensor","Deployment_Latitude","Deployment_Longitude","Deployment_Date","Deployment_Depth_m
","Deploy_Vessel","Recovery_Date","Recovery_Latitude","Recovery_Longitude","Retrieve_Vessel","Array_name","Number_of_Sensors","ChannelNumber_1","SensorNumber_1","ChannelNumber_2","SensorNumber_2","Data_Start","Data_End","RecordingDuration_m","RecordingInterval_m","SampleRate_kHz","Quality_Analyst","Quality_Category","Quality_LowFreq","Quality_HighFreq","Data_ID","Pressure","Acceleration","Temperature","Known Takes","SanctuaryPermit","Personnel","Notes","DutyCycle","DeployDuration_days","RecordDuration_hrs"
"1","ADRIFT",1,"HUM","MBARI","Complete","drift","WCoastUSA","ST4300HF","5987","SPOT","R/S","30/60","16396",41.07169,-124.35431,2021-08-22 17:53:00,100,"R/V Western Flyer",2021-09-04 19:53:00,41.19933,-124.35431,"F/V Scrimshaw","W01_9299",2,1,856135,2,"856147",2021-08-22 18:59:59,2021-08-29 09:30:30,"6","12",384,"Cory Hom-Weaver","compromised",50,384000,"ADRIFT_001","No","10","10",NA,NA,NA,NA,"6 min for every 12",13.0833333333333,158.508611111111
"2","ADRIFT",2,"HMB","ACCESS","Complete","drift","WCoastUSA","ST4300HF","5296","SPOT","X/Y","30/60","15712",37.38445,-122.39095,2021-06-09 18:38:00,100,"R/V Fullmar",2021-06-29 23:58:00,36.97772,-124.24507,"R/V Shimada","K01_9296",2,1,856097,2,"856059",2021-06-09 18:12:23,2021-06-16 22:48:53,"6","6",384,"Cory Hom-Weaver","compromised",25,384000,"ADRIFT_002","No","10","10",NA,NA,"Shannon Rankin, Anne Simonis","Actually continuous recording, previously labeled as 6/12 duty cycle. 6 second gaps between recordings","6 min for every 6",20.2222222222222,172.608333333333
"3","ADRIFT",3,"SFB","ACCESS","Complete","drift","WCoastUSA","ST4300HF","1208786975","SPOT","E/AH","30/60","15720",37.96585,-123.50412,2021-07-25 18:33:00,100,"R/V Fullmar",2021-08-03 16:04:00,38.03326,-123.47699,"R/V Mussel Point","P01_9296",2,1,856122,2,NA,2021-07-25 18:35:58,2021-08-03 16:32:07,"6","12",384,"Cory Hom-Weaver","compromised",50,384000,"ADRIFT_003","No","10","10",NA,"CBNMS","Cordell Bank National Marine Sanctuary","Grounded on Cordell Bank 7/27/2021 at 10:30","6 min for every 12",8.89652777777778,213.935833333333
"4","ADRIFT",4,"HUM","CPS","Failed","drift","WCoastUSA","ST4300HF","5988","SPOT","A/B","30/60","16627",41.84475,-125.0939,2021-07-31,100,"R/V Lasker",NA,NA,NA,NA,"K01_9296",2,1,856097,2,"856059",NA,NA,"6","12",384,NA,"unusable",NA,NA,"ADRIFT_004",NA,NA,NA,NA,NA,NA,NA,"6 min for every 12",NA,NA
"5","ADRIFT",5,"SFB","ACCESS","Complete","drift","WCoastUSA","ST4300HF","1208786975","SPOT","K/AF","30/60","15815",37.64012,-123.31702,2021-06-10 18:30:00,100,"R/V Fullmar",2021-06-24 16:51:00,37.35722,-123.40192,"R/V Fulmar","P01_9296",2,1,856122,2,NA,2021-06-10 18:30:41,2021-06-22 21:21:24,"6","12",384,"Cory Hom-Weaver","compromised",30,384000,"ADRIFT_005","No","10","10",NA,NA,"Shannon Rankin, Anne Simonis","Duty cycle seems to change; Check to see if all files actually copied over. Duty cycle changes. First 9 wav files have 7 second gap, then the rest are 6 minutes on, 6 minutes. The final 8 files have anywhere from .3 hour - 8.4 hour gaps","6 min for every 12",13.93125,290.845277777778
"6","ADRIFT",6,"SFB","ACCESS","Complete","drift","WCoastUSA","ST4300HF","5318","SPOT","K/AF","30/60","15815",38.12932,-123.54153,2021-07-25 19:11:00,100,"R/V Fullmar",2021-07-28 22:24:00,38.12057,-123.31761,"F/V Karen Jeanne","M01_9296",2,1,856116,2,NA,2021-07-25 19:11:59,2021-07-28 22:05:59,"6","12",384,"Cory Hom-Weaver","compromised",50,384000,"ADRIFT_006","No","10","10",NA,"CBNMS","Dick Ogg","Removed Blue Oceans buoy to attempt to reduce noise","6 min for every 12",3.13402777777778,74.9
"7","ADRIFT",7,"SFB","ACCESS","Complete","drift","WCoastUSA","ST4300HF","5318","SPOT","E/AH","30/60","15720",37.84347,-123.4218,2021-06-10 16:49:00,100,"R/V Fullmar",2021-06-24 15:46:00,37.69527,-123.35722,"R/V Fulmar","M01_9296",2,1,856116,2,NA,2021-06-10 17:33:22,2021-06-24 10:00:08,"6","12",384,"Cory Hom-Weaver","compromised",30,384000,"ADRIFT_007","No","10","10",NA,"CBNMS, GFNMS, MBNMS","Shannon Rankin, Anne Simonis","DASBR included Blue Oceans test buoy","6 min for every 12",13.95625,328.446111111111
"8","ADRIFT",8,"HMB","ACCESS","Failed","drift","WCoastUSA","ST4300HF","5297","SPOT","A/B","30/60","15756",37.13713,-122.96428,2021-06-09,100,"R/V Fullmar",NA,NA,NA,NA,"O01_9296",2,1,1,2,"0",NA,NA,"6","12",384,NA,"unusable",NA,NA,"ADRIFT_008","No","10","10",NA,NA,NA,"Lost at sea (not retrieved)","6 min for every 12",NA,NA
"9","ADRIFT",9,"HUM","THL","Failed","drift","WCoastUSA","ST4300HF","5985","SPOT","G/F","30/60","16835",41.03417,-124.29747,2021-09-08 06:00:00,100,"R/V Coral Sea",NA,NA,NA,"R/V Fairweather","Y01_9299",2,1,856134,2,"856146",NA,NA,"6","12",384,NA,"unusable",NA,NA,"ADRIFT_009","No","10","10",NA,NA,NA,"Acoustic array lost at sea. High flyer with spots recovered. Rope near surface buoy snapped upon retrieval","6 min for every 12",NA,NA
"10","ADRIFT",10,"SFB","ACCESS","Failed","drift","WCoastUSA","ST4300HF","1208786975","SPOT","E/AH","30/60","15815",37.80386,-123.38908,2021-09-25 20:56:00,50,"R/V Fullmar",2021-10-14,35.94354,-123.39748,"R/V Zephyr","M01_9296",2,1,856116,2,NA,NA,NA,"6","12",384,NA,"unusable",NA,NA,"ADRIFT_010","No","10","10",NA,"CBNMS, GFNMS",NA,NA,"6 min for every 12",18.1277777777778,NA
"11","ADRIFT",11,"SFB","ACCESS","Failed","drift","WCoastUSA","ST4300HF","5318","SPOT","K/AF","30/60","15720",37.640683,-123.1331,2021-09-25 19:36:00,50,"R/V Fullmar",2021-10-15,36.65655,-123.5215,"R/V Fairweather","P01_9296",2,1,856122,2,NA,NA,NA,"6","12",384,NA,"unusable",NA,NA,"ADRIFT_011","No","10","10",NA,"GFNMS",NA,NA,"6 min for every 12",19.1833333333333,NA
"12","ADRIFT",12,"HUM","CS220117","Complete","drift","WCoastUSA","ST4300HF","5992","SPOT","E/AH","30/60","15865",41.03348,-124.43,2022-01-18 03:16:00,100,"R/V Coral Sea",2022-01-23 18:52:00,40.86609,-124.86101,"F/V Schrimshaw","D02_9299",2,1,856162,2,"856168",2022-01-18 03:42:19,2022-01-21 19:39:12,"Continuous",NA,384,"Kourtney Burger","compromised",30,192000,"ADRIFT_012","No","10","10",NA,NA,"Blair Winnacott","Recorder battery died earlier than expected. Data has unexpected gaps (4 seconds - 6 minutes) throughout recording, see Gaps.txt in metadata folder for list","Continuous",5.65,87.9480555555556
"13","ADRIFT",13,"MOB","CALCOFI-2204SH","Complete","drift","WCoastUSA","ST640","6655","SPOT","AG/Big B/Rock 7","30/60","16546",36.049917,-122.031117,2022-04-23 20:16:00,100,"R/V Shimada",2022-05-05 16:17:00,34.99745,-122.2717,"R/V Marcus G. Langseth","E02_9299",2,1,856163,2,"856171",2022-04-23 20:44:52,2022-05-04 20:36:02,"Continuous",NA,384,"Cory Hom-Weaver","compromised",1000,192000,"ADRIFT_013",NA,"10",NA,NA,"MBNMS","Amy Hayes","Banging noise in lower frequencies, one 23 minute gap in recording","Continuous",11.8340277777778,263.852777777778
"14","ADRIFT",14,"MOB","CALCOFI-2204SH","Failed","drift","WCoastUSA","ST640","6669","SPOT","AD/U","30/60","15741",36.062133,-122.013633,2022-04-22,100,"R/V Shimada",NA,NA,NA,NA,"I02_9299",2,1,856160,2,"856174",NA,NA,"Continuous",NA,384,"Kourtney Burger","unusable",NA,NA,"ADRIFT_014",NA,NA,NA,NA,"MBNMS","Amy Hayes",NA,"Continuous",NA,NA
"15","ADRIFT",15,"SFB","ACCESS","Complete","drift","WCoastUSA","ST640","6668","SPOT and solar gps","K/AF/ROCK 7","30/60","15801",37.9643,-123.5039,2022-06-18 07:48:00,100,"R/V Shimada",2022-06-21 06:39:00,37.67826,-123.35202,"R/V Shimada","K02_9299",2,1,856154,2,"856170",2022-06-18 08:07:12,2022-06-21 06:14:36,"Continuous",NA,384,"Cory Hom-Weaver","compromised",6000,192000,"ADRIFT_015",NA,"No",NA,NA,"GFNMS / CBNMS","Jan Roletto, Dani Lipske","ACCESS Cruise delayed due to bad weather; rocker stopper was loose resulting in constant noise throughout deployment.","Continuous",2.95208333333333,70.1233333333333
"16","ADRIFT",16,"SFB","ACCESS","Unusable","drift","WCoastUSA","ST640","6671","SPOT","G/F","30/60","16528",37.80117,-123.38492,2022-06-16 22:37:00,100,"R/V Shimada",2022-06-21 03:25:00,37.37138,-123.27409,"R/V Shimada","N01_92NA96",2,1,856117,2,"856118",NA,NA,"Continuous",NA,288,"Kourtney Burger","unusable",NA,NA,"ADRIFT_016","No","No","No",NA,"GFNMS / MBNMS","Jan Roletto, Dani Lipske","ACCESS Cruise delayed due to bad weather; ST6671 was not recognized as ST640 upon deployment and never started recording","Continuous",4.2,NA
"17","ADRIFT",17,"HUM","Scrimshaw","Complete","drift","WCoastUSA","ST4300HF","5987","SPOT and solar gps","E/AH","30/60","15518",41.05788,-124.48456,2022-04-25 15:36:00,100,"F/V Scrimshaw",2022-04-28 19:17:00,40.69507,-124.52717,"F/V Scrimshaw","D02_9299",2,1,856162,2,"856168",2022-04-25 18:59:59,2022-04-28 19:22:16,"Continuous",NA,384,"Cory Hom-Weaver","good",80,192000,"ADRIFT_017","No","10","10",NA,NA,"Blair Winnacott","Testing solar gps unit. Strumming through whole drift LF noise","Continuous",3.15347222222222,72.3713888888889
"18","ADRIFT",18,"HUM","Scrimshaw","Complete","drift","WCoastUSA","ST4300HF","5989","SPOT","R/S","30/60","15817",41.05201,-124.54956,2022-04-25 16:12:00,100,"F/V Scrimshaw",2022-04-28 20:18:00,40.5795,-124.86624,"F/V Scrimshaw","C02_9299",2,1,856155,2,"856166",2022-04-25 19:59:58,2022-04-28 20:22:15,"Continuous",NA,384,"Cory Hom-Weaver","good",80,192000,"ADRIFT_018","No","10","10",NA,NA,"Blair Winnacott",NA,"Continuous",3.17083333333333,72.3713888888889
"19","ADRIFT",19,"MBY","CCC","Complete","drift","WCoastUSA","ST640","6673","SPOT and solar gps","M/N / S0-638","30/60/30","16549",35.798267,-122.190733,2022-06-21 16:24:00,100,"R/V Fulmar",2022-06-25 22:14:00,35.977217,-122.047467,"R/V Fulmar","L02_9299",2,1,856157,2,"856169",2022-06-21 16:15:00,2022-06-25 22:14:42,"Continuous",NA,384,"Cory Hom-Weaver","compromised",300,192000,"ADRIFT_019","No","10",NA,NA,NA,"Shannon Rankin, Cory Hom-Weaver, Anne Simonis","CCC Pilot Project. LF recordings are noisy but probably usable for some species","Continuous",4.24305555555556,101.995
"20","ADRIFT",20,"MBY","CCC","Complete","drift","WCoastUSA","ST640","6666","Solar","SO-135","30","16647",35.8005,-122.088867,2022-06-21 16:51:00,100,"R/V Fulmar",2022-06-25 18:06:00,35.612433,-121.9225,"R/V Fulmar","A02_9299",2,1,856156,2,"856167",2022-06-21 16:45:00,2022-06-25 17:52:13,"Continuous",NA,384,"Cory Hom-Weaver","compromised",400,192000,"ADRIFT_020","No","10",NA,NA,NA,"Shannon Rankin, Cory Hom-Weaver, Anne Simonis","CCC Pilot Project. Rocker stopper moved a lot. Noisy in LF and towards the end of the drift.","Continuous",4.05208333333333,97.1202777777778
"21","ADRIFT",21,"MBY","CCC","Complete","drift","WCoastUSA","ST640","6670","Solar","SO-798","30","16597",35.80185,-121.984017,2022-06-21 17:15:00,100,"R/V Fulmar",2022-06-25 18:30:00,35.623483,-121.823783,"R/V Fulmar","F02_9299",2,1,856164,2,"856175",2022-06-21 17:07:29,2022-06-25 18:37:12,"Continuous",NA,384,"Cory Hom-Weaver","compromised",800,192000,"ADRIFT_021","No","10",NA,NA,NA,"Shannon Rankin, Cory Hom-Weaver, Anne Simonis","CCC Pilot Project. Rocker stopper was lose and banging around through the whole deployment. Noise is mostly in the lower frequencies","Continuous",4.05208333333333,97.4952777777778
"22","ADRIFT",22,"MBY","CCC","Complete","drift","WCoastUSA","ST640","6667","Solar","SO-359","30","16595",35.80385,-121.877383,2022-06-21 17:46:00,100,"R/V Fulmar",2022-06-25 16:51:00,35.49745,-122.023217,"R/V Fulmar","H02_9299",2,1,856159,2,"856177",2022-06-21 17:37:30,2022-06-25 16:52:16,"Continuous",NA,384,"Cory Hom-Weaver","compromised",1500,192000,"ADRIFT_022","No","10",NA,NA,NA,"Shannon Rankin, Cory Hom-Weaver, Anne Simonis","CCC Pilot Project. Rocker stopper moved a lot. Lots of noise in the lower frequencies but broadband noise in the LTSA goes up pretty high (100kHz or so )","Continuous",3.96180555555556,95.2461111111111
"23","ADRIFT",23,"MBY","CCC","Complete","drift","WCoastUSA","ST640","6665","SPOT and solar gps","P/Q/SO-506","30/60/30","16408",35.713917,-122.1861,2022-06-21 19:11:00,100,"R/V Fulmar",2022-06-25 21:26:00,35.843,-121.88,"R/V Fulmar","X01_9299",2,1,856140,2,"856150",2022-06-21 18:52:29,2022-06-25 21:29:41,"Continuous",NA,384,"Cory Hom-Weaver","compromised",800,192000,"ADRIFT_023","No","10",NA,NA,NA,"Shannon Rankin, Cory Hom-Weaver, Anne Simonis","CCC Pilot Project. LF recordings are noisy. Something hitting HP","Continuous",4.09375,98.62
"24","ADRIFT",24,"MBY","CCC","Complete","drift","WCoastUSA","ST640","6664","Solar","SO-919","30","16536",35.71575,-122.085283,2022-06-21 19:36:00,100,"R/V Fulmar",2022-06-25 20:13:00,35.7206,-122.108667,"R/V Fulmar","E02_9299",2,1,856163,2,"856171",2022-06-21 19:29:59,2022-06-25 20:14:42,"Continuous",NA,384,"Cory Hom-Weaver","good",65,192000,"ADRIFT_024","No","10",NA,NA,NA,"Shannon Rankin, Cory Hom-Weaver, Anne Simonis","CCC Pilot Project","Continuous",4.02569444444444,96.7452777777778
"25","ADRIFT",25,"MBY","CCC","Complete","drift","WCoastUSA","ST640","6672","Solar","SO-082","30","16656",35.715583,-121.981633,2022-06-21 20:01:00,100,"R/V Fulmar",2022-06-25 17:21:00,35.541283,-122.025417,"R/V Fulmar","Z01_9299",2,1,856135,2,"856148",2022-06-21 19:44:59,2022-06-25 17:29:42,"Continuous",NA,384,"Cory Hom-Weaver","good",10,192000,"ADRIFT_025","No","10",NA,NA,NA,"Shannon Rankin, Cory Hom-Weaver, Anne Simonis","CCC Pilot Project","Continuous",3.88888888888889,93.7452777777778
"26","ADRIFT",26,"MBY","CCC","Complete","drift","WCoastUSA","ST640","6663","SPOT and solar gps","AE/FB/ SO-692","30/60/30","16658",35.715583,-121.876783,2022-06-21 20:36:00,100,"R/V Fulmar",2022-06-25 20:47:00,35.753433,-122.014633,"R/V Fulmar","B02_9299",2,1,856165,2,"856173",2022-06-21 20:22:29,2022-06-25 20:44:44,"Continuous",NA,384,"Kourtney Burger","compromised",20000,192000,"ADRIFT_026","No","10",NA,NA,NA,"Shannon Rankin, Cory Hom-Weaver, Anne Simonis","CCC Pilot Project. Rocker stopper moved and caused a ton of noise. Not sure if the recordings are usable in the higher frequencies. Won't work for baleen whales. Included in package for NCEI, visible dolphins in upper frequencies","Continuous",4.00763888888889,96.3708333333333
"27","ADRIFT",27,"SFB","ACCESS","Complete","drift","WCoastUSA","ST640","6671","SPOT and solar gps","K/AF/SO-506","30/60","16528",37.90122,-123.4428,2022-07-26 18:27:00,100,"R/V Fulmar",2022-07-30 18:38:00,37.68333,-123.7762,"R/V Fulmar","N01_92NA96",2,1,856117,2,"856118",2022-07-26 18:37:12,2022-07-30 18:14:25,"Continuous",NA,384,"Cory Hom-Weaver","good",50,192000,"ADRIFT_027","No","10",NA,NA,"CBNMS","Jan Roletto, Dani Lipske",NA,"Continuous",4.00763888888889,95.6202777777778
"28","ADRIFT",28,"SFB","ACCESS","Complete","drift","WCoastUSA","ST640","6668","SPOT and solar gps","G/F/SO-082","30/60","15801",37.88748,-123.3764,2022-07-26 17:05:00,100,"R/V Fulmar",2022-07-30 18:24:00,37.71733,-123.7965,"R/V Fulmar","K02_9299",2,1,856154,2,"856170",2022-07-26 17:29:47,2022-07-30 20:20:32,"Continuous",NA,384,"Cory Hom-Weaver","good",30,192000,"ADRIFT_028","No","10",NA,NA,"GFNMS / CBNMS","Jan Roletto, Dani Lipske",NA,"Continuous",4.05486111111111,98.8458333333333
"29","ADRIFT",29,"HUM","Scrimshaw","Failed","drift","WCoastUSA","ST4300HF","5989","SPOT","E/AH","30/60","15817",41.13138,-124.4402,2022-07-28 16:10:00,100,"F/V Scrimshaw",2022-08-01 22:47:00,40.94754,-124.3201,"F/V Scrimshaw","L01_9296",2,1,856049,2,"856068",NA,NA,"Continuous",NA,384,"Kourtney Burger","unusable",NA,NA,"ADRIFT_029","No","10","10",NA,NA,"Blair Winnacott","2 humpbacks and 1 female elephant seal spotted further inshore. Polytron line was cut and acoustic array was sunk.","Continuous",4.27569444444444,NA
"30","ADRIFT",30,"HUM","Scrimshaw","Complete","drift","WCoastUSA","ST4300HF","5987","Solar","Solar","30","15518",41.12946,-124.54122,2022-07-28 16:25:00,100,"F/V Scrimshaw",2022-08-01 21:32:00,41.04706,-125.02628,"F/V Scrimshaw","G02_9299",2,1,856161,2,"856176",2022-07-28 18:59:58,2022-08-01 11:29:40,"Continuous",NA,384,"Cory Hom-Weaver","good",50,192000,"ADRIFT_030","No","10","10",NA,NA,"Blair Winnacott","Solar GPS used and worked well.","Continuous",4.21319444444444,88.495
"31","ADRIFT",31,"HUM","Scrimshaw","Complete","drift","WCoastUSA","ST4300HF","5984","SPOT","J/L","30/60","16396",41.13133,-124.6411,2022-07-28 16:45:00,100,"F/V Scrimshaw",2022-08-01 21:30:00,41.08246,-125.01656,"F/V Scrimshaw","C02_9299",2,1,856155,2,"856166",2022-07-28 18:59:58,2022-08-01 08:52:13,"Continuous",NA,384,"Cory Hom-Weaver","good",50,192000,"ADRIFT_031","No","10","10",NA,NA,"Blair Winnacott",NA,"Continuous",4.19791666666667,85.8708333333333
"32","ADRIFT",32,"HUM","THL","Complete","drift","WCoastUSA","ST4300HF","5987","Solar","SO-001","30","16396",41.05022,-124.5336,2022-09-13 05:24:00,100,"R/V Coral Sea",2022-09-15 18:07:00,41.35018,-124.54007,"F/V Scrimshaw","C02_9299",2,1,856155,2,"856166",2022-09-13 06:59:57,2022-09-15 18:14:45,"Continuous",NA,384,"Cory Hom-Weaver","good",30,192000,"ADRIFT_032","No","10","10",NA,NA,"Blair Winnacott","earthquake!","Continuous",2.52986111111111,59.2466666666667
"33","ADRIFT",33,"HUM","THL","Complete","drift","WCoastUSA","ST4300HF","5984","Solar","SO-798","30","15865",41.05015,-124.4334,2022-09-13 04:26:00,100,"R/V Coral Sea",2022-09-15 17:35:00,41.45931,-124.44917,"F/V Scrimshaw","D02_9299",2,1,856162,2,"856168",2022-09-13 04:44:57,2022-09-15 17:29:45,"Continuous",NA,384,"Cory Hom-Weaver","compromised",250,192000,"ADRIFT_033","No","10","10",NA,NA,"Blair Winnacott","persistent knocking (<2kHz), Tons of sperm whales","Continuous",2.54791666666667,60.7466666666667
"34","ADRIFT",34,"SFB","ACCESS","Complete","drift","WCoastUSA","ST640","6668","SPOT and solar gps","F/G/SO-082","30","16528",38.047517,-123.561683,2022-09-27 17:43:00,100,"R/V Fulmar",2022-10-01 16:45:00,38.33218,-123.45027,"R/V Fulmar","K02_9299",2,1,856154,2,"856170",2022-09-27 18:37:14,2022-10-01 15:59:35,"Continuous",NA,384,"Cory Hom-Weaver","good",50,192000,"ADRIFT_034","No","10",NA,NA,"GFNMS / CBNMS","Jan Roletto, Dani Lipske","Tons of singing humpbacks","Continuous",3.95972222222222,93.3725
"35","ADRIFT",35,"SFB","ACCESS","Unusable","drift","WCoastUSA","ST640","6671","SPOT and solar gps","K/AF/SO-506","30","15801",38.130383,-123.530033,2022-09-26 17:55:00,100,"R/V Fulmar",2022-10-01 18:00:00,38.04729,-123.41403,"R/V Fulmar","N01_92NA96",2,1,856117,2,"856118",NA,NA,"Continuous",NA,384,"Kourtney Burger","unusable",NA,NA,"ADRIFT_035","No","10",NA,NA,"CBNMS","Jan Roletto, Dani Lipske","appears to have grounded on Cordell bank around 23:30 September 30; recorder never turned on","Continuous",5.00347222222222,NA
"36","ADRIFT",36,"HUM","Scrimshaw","Complete","drift","WCoastUSA","ST4300HF","5984","Solar","SO-638","30","15865",41.05025,-124.43292,2022-11-16 17:00:00,100,"F/V Scrimshaw",2022-11-21 17:49:00,40.93095,-124.34114,"F/V Scrimshaw","C02_9299",2,1,856155,2,"856166",2022-11-16 19:14:57,2022-11-20 07:37:12,"Continuous",NA,384,"Cory Hom-Weaver","good",50,192000,"ADRIFT_036","No",NA,NA,NA,NA,"Roxanne Robertson, Eric Bjorkstedt",NA,"Continuous",5.03402777777778,84.3708333333333
"37","ADRIFT",37,"HUM","Scrimshaw","Complete","drift","WCoastUSA","ST4300STD","8025","Solar","SO-798","30","16396",41.05077,-124.5109,2022-11-16 17:00:00,100,"F/V Scrimshaw",2022-11-21 18:18:00,41.01446,-124.40581,"F/V Scrimshaw","D02_9299",2,1,856162,2,"856168",2022-11-16 18:59:58,2022-11-21 10:59:46,"Continuous",NA,288,"Cory Hom-Weaver","good",30,192000,"ADRIFT_037","No",NA,NA,NA,NA,"Roxanne Robertson, Eric Bjorkstedt","Tons of singing humpbacks","Continuous",5.05416666666667,111.996666666667
"38","ADRIFT",38,"HUM","Scrimshaw","Complete","drift","WCoastUSA","ST4300HF","5987","Solar","SO-001","30","15518",41.05112,-124.58429,2022-11-16 17:00:00,100,"F/V Scrimshaw",2022-11-21 18:08:00,40.99065,-124.41114,"F/V Scrimshaw","G02_9299",2,1,856161,2,"856176",2022-11-16 19:14:57,2022-11-20 03:29:42,"Continuous",NA,384,"Cory Hom-Weaver","good",50,192000,"ADRIFT_038","No",NA,NA,NA,NA,"Roxanne Robertson, Eric Bjorkstedt",NA,"Continuous",5.04722222222222,80.2458333333333
"39","ADRIFT",39,"HUM","Scrimshaw","Complete","drift","WCoastUSA","ST4300HF","5984","Solar","SO-638","30","15865",40.8114,-124.4739,2022-12-13 21:19:00,100,"F/V Scrimshaw",2022-12-16 20:27:00,40.7025,-124.54954,"F/V Scrimshaw","C02_9299",2,1,856155,2,"856166",2022-12-13 21:29:57,2022-12-16 20:22:14,"Continuous",NA,384,"Cory Hom-Weaver","compromised",1000,192000,"ADRIFT_039","No",NA,NA,NA,NA,"Eric Bjorkstedt","Noise under 1kHz throughout most of the deployment","Continuous",2.96388888888889,70.8713888888889
"40","ADRIFT",40,"HUM","Scrimshaw","Complete","drift","WCoastUSA","ST4300STD","8025","Solar","SO-798","30","16396",40.8114,-124.5438,2022-12-13 21:35:00,100,"F/V Scrimshaw",2022-12-16 21:14:00,40.82093,-124.73885,"F/V Scrimshaw","D02_9299",2,1,856162,2,"856168",2022-12-13 21:29:57,2022-12-16 21:29:50,"Continuous",NA,288,"Cory Hom-Weaver","good",250,192000,"ADRIFT_040","No",NA,NA,NA,NA,"Eric Bjorkstedt","Lots of dolphins and knocking in LF","Continuous",2.98541666666667,71.9980555555556
"41","ADRIFT",41,"HUM","Scrimshaw","Complete","drift","WCoastUSA","ST4300HF","5987","Solar","SO-001","30","15518",40.8072,-124.609,2022-12-13 21:48:00,100,"F/V Scrimshaw",2022-12-16 22:21:00,41.04001,-124.42999,"F/V Scrimshaw","G02_9299",2,1,856161,2,"856176",2022-12-13 21:52:27,2022-12-16 22:37:14,"Continuous",NA,384,"Cory Hom-Weaver","compromised",250,192000,"ADRIFT_041","No",NA,NA,NA,NA,"Eric Bjorkstedt",NA,"Continuous",3.02291666666667,72.7463888888889
"42","ADRIFT",42,"ORE","ADRIFT","Complete","drift","WCoastUSA","ST4300HF","5296","Solar","SO-533",NA,"17434",44.60481667,-124.7533,2023-03-16 19:30:00,100,"R/V Elakha",2023-03-21 00:45:00,44.60491,-124.69933,"R/V Pacific Storm","E02_9299",2,1,856163,2,"856171",2023-03-16 19:29:57,2023-03-21 00:44:35,"Continuous",NA,384,"Cory Hom-Weaver","compromised",250,192000,"ADRIFT_042","No","10",NA,NA,NA,"Craig Hayslip, Angela Szesciorka","ORE March deployments","Continuous",4.21875,101.243888888889
"43","ADRIFT",43,"ORE","ADRIFT","Complete","drift","WCoastUSA","ST4300HF","5986","Solar","SO-692",NA,"17435",44.77816667,-124.7205667,2023-03-16 18:53:00,100,"R/V Elakha",2023-03-20 23:30:00,44.69511,-124.60888,"R/V Pacific Storm","H02_9299",2,1,856159,2,"856177",2023-03-16 18:52:27,2023-03-20 08:53:16,"Continuous",NA,384,"Cory Hom-Weaver","good",50,192000,"ADRIFT_043","No","10",NA,NA,NA,"Craig Hayslip, Angela Szesciorka","ORE March deployments","Continuous",4.19236111111111,86.0136111111111
"44","ADRIFT",44,"ORE","ADRIFT","Complete","drift","WCoastUSA","ST4300HF","5991","Solar","SO-865",NA,"17438",44.54475,-124.6553667,2023-03-16 20:10:00,100,"R/V Elakha",2023-03-21 02:10:00,44.54705,-124.51382,"R/V Pacific Storm","T_9299",2,1,856136,2,"856145",2023-03-16 20:14:58,2023-03-20 21:11:30,"Continuous",NA,384,"Cory Hom-Weaver","compromised",75,192000,"ADRIFT_044","No","10",NA,NA,NA,"Craig Hayslip, Angela Szesciorka","ORE March deployments; Ch 1 has lower recieved levels than expected, use CH2  only","Continuous",4.25,96.9422222222222
"45","ADRIFT",45,"ORE","ADRIFT","Complete","drift","WCoastUSA","ST4300HF","5994","Solar","SO-588",NA,"17439",44.61528333,-124.6186833,2023-03-16 18:01:00,100,"R/V Elakha",2023-03-21 01:40:00,44.54106,-124.5816033,"R/V Pacific Storm","V01_9299",2,1,856138,2,"856151",2023-03-16 18:59:58,2023-03-20 11:40:17,"Continuous",NA,384,"Cory Hom-Weaver","good",50,192000,"ADRIFT_045","No","10",NA,NA,NA,"Craig Hayslip, Angela Szesciorka","ORE March deployments","Continuous",4.31875,88.6719444444444
"46","ADRIFT",46,"MBY","CCC","Complete","drift","WCoastUSA","ST640","6655","Solar","SO-135","30","16639/16528",35.62419386,-121.8505283,2023-03-11 18:55:00,100,"R/V Shearwater",2023-03-16 21:37:00,35.25666,-121.6134,"R/V Shearwater","J02_9299",2,1,856158,2,"856172",2023-03-11 19:00:00,2023-03-16 21:30:01,"6","6",384,"Cory Hom-Weaver","good",30,192000,"ADRIFT_046","No","10",NA,NA,"CHNMS","Anne Simonis, Shannon Rankin, Cory Hom-Weaver, Kaitlin Palmer, Kourtney Burger, & Shearwater crew","Overlaps with day light savings time change","6 min for every 6",5.1125,122.500277777778
"47","ADRIFT",47,"MBY","CCC","Complete","drift","WCoastUSA","ST640","6668","Solar","SO-777","30","16647/16656",35.62972532,-121.9802548,2023-03-11 19:16:54,100,"R/V Shearwater",2023-03-16 21:11:00,35.26058,-121.68873,"R/V Shearwater","N01_9296",3,1,856117,2,"856128",2023-03-11 19:30:00,2023-03-16 21:12:01,"6","6",384,"Cory Hom-Weaver","good",50,192000,"ADRIFT_047","No","10",NA,NA,"CHNMS","Anne Simonis, Shannon Rankin, Cory Hom-Weaver, Kaitlin Palmer, Kourtney Burger, & Shearwater crew","Only used CH 2, Overlaps with day light savings time change","6 min for every 6",5.07923611111111,121.700277777778
"48","ADRIFT",48,"MBY","CCC","Complete","drift","WCoastUSA","ST640","7519","Solar","SO-359","30","16658/15737",35.62915861,-122.0844465,2023-03-11 19:51:07,100,"R/V Shearwater",2023-03-18 18:23:00,35.35003,-120.943,"R/V Shearwater","L02_9299",2,1,856157,2,"856169",2023-03-11 19:54:00,2023-03-18 18:12:02,"6","6",384,"Cory Hom-Weaver","good",50,192000,"ADRIFT_048","No","No",NA,NA,"CHNMS","Anne Simonis, Shannon Rankin, Cory Hom-Weaver, Kaitlin Palmer, Kourtney Burger, & Shearwater crew","Ogger pole was barely out of the water when we recovered it. Everything was intact but the pole was full of water, Overlaps with day light savings time change","6 min for every 6",6.93880787037037,166.300555555556
"49","ADRIFT",49,"MBY","CCC","Complete","drift","WCoastUSA","ST640","6671","Solar","SO-866","30","15968/15766",35.62906925,-122.1830466,2023-03-11 20:22:35,100,"R/V Shearwater",2023-03-16 17:54:00,35.4120833,-120.8007,"R/V Shearwater","X01_9299",2,1,856140,2,"856150",2023-03-11 20:36:00,2023-03-16 17:42:01,"6","6",384,"Cory Hom-Weaver","good",0,192000,"ADRIFT_049","No","10",NA,NA,"CHNMS","Anne Simonis, Shannon Rankin, Cory Hom-Weaver, Kaitlin Palmer, Kourtney Burger, & Shearwater crew","Overlaps with day light savings time change","6 min for every 6",4.89681712962963,117.100277777778
"50","ADRIFT",50,"MBY","CCC","Complete","drift","WCoastUSA","ST640","6664","Solar","SO-082","30","16530/15801",35.5439932,-122.177762,2023-03-11 20:52:46,100,"R/V Shearwater",2023-03-16 20:10:00,35.24386,-121.91488,"R/V Shearwater","B02_9299",2,1,856165,2,"856173",2023-03-11 21:00:00,2023-03-16 20:00:01,"6","6",384,"Cory Hom-Weaver","good",30,192000,"ADRIFT_050","No","10",NA,NA,"CHNMS","Anne Simonis, Shannon Rankin, Cory Hom-Weaver, Kaitlin Palmer, Kourtney Burger, & Shearwater crew","Overlaps with day light savings time change","6 min for every 6",4.97030092592593,119.000277777778
"51","ADRIFT",51,"MBY","CCC","Complete","drift","WCoastUSA","ST640","6667","Solar","SO-506","30","16583/16557",35.54540894,-122.0818228,2023-03-11 21:19:46,100,"R/V Shearwater",2023-03-16 19:33:00,35.24386,-121.9148,"R/V Shearwater","K02_9299",2,1,856154,2,"856170",2023-03-11 21:30:00,2023-03-16 19:24:01,"6","6",384,"Cory Hom-Weaver","good",50,192000,"ADRIFT_051","No","10",NA,NA,"CHNMS","Anne Simonis, Shannon Rankin, Cory Hom-Weaver, Kaitlin Palmer, Kourtney Burger, & Shearwater crew","Overlaps with day light savings time change","6 min for every 6",4.92585648148148,117.900277777778
"52","ADRIFT",52,"MBY","CCC","Complete","drift","WCoastUSA","ST640","7517","Solar","SO-919","30","16409/15761",35.54511705,-121.9806422,2023-03-11 21:44:21,100,"R/V Shearwater",2023-03-17 00:02:00,35.088,-121.7386,"R/V Shearwater","F02_9299",2,1,856164,2,"856175",2023-03-11 21:54:00,2023-03-16 22:54:01,"6","6",384,"Cory Hom-Weaver","good",75,192000,"ADRIFT_052","No","No",NA,NA,"CHNMS","Anne Simonis, Shannon Rankin, Cory Hom-Weaver, Kaitlin Palmer, Kourtney Burger, & Shearwater crew","Overlaps with day light savings time change","6 min for every 6",5.09559027777778,121.000277777778
"53","ADRIFT",53,"MBY","CCC","Complete","drift","WCoastUSA","ST640","6665","Solar","SO-602","30","16431/16536",35.54311385,-121.872749,2023-03-11 22:10:18,100,"R/V Shearwater",2023-03-17 00:37:00,34.95593,-121.70421,"R/V Shearwater","Z01_9299",2,1,856135,2,"856148",2023-03-11 22:18:00,2023-03-16 23:30:01,"6","6",384,"Cory Hom-Weaver","good",50,192000,"ADRIFT_053","No","10",NA,NA,"CHNMS","Anne Simonis, Shannon Rankin, Cory Hom-Weaver, Kaitlin Palmer, Kourtney Burger, & Shearwater crew","Overlaps with day light savings time change","6 min for every 6",5.101875,121.200277777778
"54","ADRIFT",54,"HUM","Scrimshaw","Complete","drift","WCoastUSA","ST4300HF","5984","Solar","SO-305",NA,"15518",40.83895,-124.5385,2023-03-16 18:30:00,100,"F/V Scrimshaw",2023-03-18 16:57:00,40.80312,-124.52767,"F/V Scrimshaw","C02_9299",2,1,856155,2,"856166",2023-03-16 18:29:58,2023-03-18 16:59:48,"Continuous",NA,384,"Cory Hom-Weaver","compromised",250,192000,"ADRIFT_054","No","10",NA,NA,NA,"Eric Bjorkstedt","No depth data, sensor doesn't connect","Continuous",1.93541666666667,46.4972222222222
"55","ADRIFT",55,"HUM","Scrimshaw","Complete","drift","WCoastUSA","ST4300STD","8025","Solar","SO-798",NA,"15865",40.84346667,-124.6252833,2023-03-16 18:50:00,100,"F/V Scrimshaw",2023-03-18 17:08:00,40.87655,-124.45437,"F/V Scrimshaw","G02_9299",2,1,856161,2,"856176",2023-03-16 18:29:58,2023-03-18 17:29:52,"Continuous",NA,288,"Cory Hom-Weaver","compromised",250,192000,"ADRIFT_055","No","10",NA,NA,NA,"Eric Bjorkstedt",NA,"Continuous",1.92916666666667,46.9983333333333
"56","ADRIFT",56,"HUM","Scrimshaw","Unusable","drift","WCoastUSA","ST4300HF","1071","Solar","SO-638",NA,"16396",40.84366667,-124.6681333,2023-03-16 19:10:00,100,"F/V Scrimshaw",2023-03-18 17:28:00,40.9361,-124.5078,"F/V Scrimshaw","A02_9299",2,1,856156,2,"856167",NA,NA,"Continuous",NA,384,"Kourtney Burger","unusable",NA,NA,"ADRIFT_056","No","10",NA,NA,NA,"Eric Bjorkstedt","No data, recorder wasn't turned on","Continuous",1.92916666666667,NA
"57","ADRIFT",57,"HUM","Scrimshaw","Complete","drift","WCoastUSA","ST4300HF","5992","Solar","SO-001",NA,"16408",40.84618333,-124.7094333,2023-03-16 19:30:00,100,"F/V Scrimshaw",2023-03-18 18:03:00,41.08561,-124.50659,"F/V Scrimshaw","D02_9299",2,1,856162,2,"856168",2023-03-16 19:14:57,2023-03-18 16:59:48,"Continuous",NA,384,"Cory Hom-Weaver","compromised",1000,192000,"ADRIFT_057","No","10",NA,NA,NA,"Eric Bjorkstedt","Knocking on the recorder through most of the deployment","Continuous",1.93958333333333,45.7475
"58","ADRIFT",58,"ORE","ADRIFT","Complete","drift","WCoastUSA","ST4300HF","5296","Solar","SO-533",NA,"17434",43.81065,-124.61415,2023-04-13 07:35:00,100,"R/V Pacific Storm",2023-04-16 17:12:00,43.26737,-124.67334,"R/V Pacific Storm","E02_9299",2,1,856163,2,"856171",2023-04-13 07:49:55,2023-04-16 17:09:47,"Continuous",NA,384,"Cory Hom-Weaver","good",1500,192000,"ADRIFT_058","No","10",NA,NA,NA,"Craig Hayslip, Daniel Palacios, Ladd Irvine, crew of Storm","ORE April deployment part 1; MOSAIC cruise","Continuous",3.40069444444444,81.3311111111111
"59","ADRIFT",59,"ORE","ADRIFT","Complete","drift","WCoastUSA","ST4300HF","5986","Solar","SO-692",NA,"17435",43.89408333,-124.7331667,2023-04-13 06:00:00,100,"R/V Pacific Storm",2023-04-16 21:10:00,43.69092,-124.50425,"R/V Pacific Storm","H02_9299",2,1,856159,2,"856177",2023-04-13 06:15:13,2023-04-16 18:18:58,"Continuous",NA,384,"Cory Hom-Weaver","good",100,192000,"ADRIFT_059","No","10",NA,NA,NA,"Craig Hayslip, Daniel Palacios, Ladd Irvine, crew of Storm","ORE April deployment part 1; MOSAIC cruise","Continuous",3.63194444444444,84.0625
"60","ADRIFT",60,"ORE","ADRIFT","Complete","drift","WCoastUSA","ST4300HF","5991","Solar","SO-865",NA,"17438",43.8128,-124.7406667,2023-04-13 06:45:00,100,"R/V Pacific Storm",2023-04-16 18:28:00,43.35256,-124.56476,"R/V Pacific Storm","T_9299",2,1,856136,2,"856145",2023-04-13 06:58:23,2023-04-16 18:13:06,"Continuous",NA,384,"Cory Hom-Weaver","compromised",75,192000,"ADRIFT_060","No","10",NA,NA,NA,"Craig Hayslip, Daniel Palacios, Ladd Irvine, crew of Storm","ORE April deployment part 1; Ch 1 has lower recieved levels than expected, use CH2  only, Possibly why the noise looks different in this drift;; MOSAIC cruise","Continuous",3.48819444444444,83.2452777777778
"61","ADRIFT",61,"ORE","ADRIFT","Complete","drift","WCoastUSA","ST4300HF","5994","Solar","SO-588",NA,"17439",43.8833,-124.6160333,2023-04-13 05:15:00,100,"R/V Pacific Storm",2023-04-16 19:03:00,43.39276,-124.47833,"R/V Pacific Storm","V01_9299",2,1,856138,2,"856151",2023-04-13 05:14:02,2023-04-16 18:56:46,"Continuous",NA,384,"Cory Hom-Weaver","compromised",730,192000,"ADRIFT_061","No","10",NA,NA,NA,"Craig Hayslip, Daniel Palacios, Ladd Irvine, crew of Storm","ORE April deployment part 1; MOSAIC cruise","Continuous",3.575,85.7122222222222
"62","ADRIFT",62,"ORE","ADRIFT","Complete","drift","WCoastUSA","ST4300HF","5296","Solar","SO-533",NA,"17434",45.07783333,-124.3935,2023-04-26 03:45:00,100,"R/V Pacific Storm",2023-04-29 05:15:00,45.1584,-124.5925,"R/V Pacific Storm","E02_9299",2,1,856163,2,"856171",2023-04-26 03:37:21,2023-04-29 05:28:54,"Continuous",NA,384,"Cory Hom-Weaver","good",250,192000,"ADRIFT_062","No","10",NA,NA,NA,"Craig Hayslip, Daniel Palacios, Ladd Irvine, crew of Storm","ORE April deployment part 2; MOSAIC cruise","Continuous",3.0625,73.8591666666667
"63","ADRIFT",63,"ORE","ADRIFT","Complete","drift","WCoastUSA","ST4300HF","5986","Solar","SO-692",NA,"17435",45.15816667,-124.3968333,2023-04-26 03:05:00,100,"R/V Pacific Storm",2023-04-29 21:15:00,45.385,-124.5665,"R/V Pacific Storm","H02_9299",2,1,856159,2,"856177",2023-04-26 03:03:34,2023-04-29 03:44:57,"Continuous",NA,384,"Cory Hom-Weaver","good",250,192000,"ADRIFT_063","No","10",NA,NA,NA,"Craig Hayslip, Daniel Palacios, Ladd Irvine, crew of Storm","ORE April deployment part 2; MOSAIC cruise","Continuous",3.75694444444444,72.6897222222222
"64","ADRIFT",64,"ORE","ADRIFT","Complete","drift","WCoastUSA","ST4300HF","5991","Solar","SO-865",NA,"17438",45.2415,-124.3993333,2023-04-26 02:25:00,100,"R/V Pacific Storm",2023-04-29 20:35:00,45.40716667,-124.4928333,"R/V Pacific Storm","T_9299",2,1,856136,2,"856145",2023-04-26 02:06:08,2023-04-29 07:20:35,"Continuous",NA,384,"Cory Hom-Weaver","compromised",700,192000,"ADRIFT_064","No","10",NA,NA,NA,"Craig Hayslip, Daniel Palacios, Ladd Irvine, crew of Storm","ORE April deployment part 2; Ch 1 has lower recieved levels than expected, use CH2  only; MOSAIC cruise","Continuous",3.75694444444444,77.2408333333333
"65","ADRIFT",65,"ORE","ADRIFT","Complete","drift","WCoastUSA","ST4300HF","5994","Solar","SO-588",NA,"17439",45.3245,-124.402,2023-04-26 01:50:00,100,"R/V Pacific Storm",2023-04-29 07:15:00,45.2014,-124.2783333,"R/V Pacific Storm","V01_9299",2,1,856138,2,"856151",2023-04-26 02:59:55,2023-04-29 06:47:59,"Continuous",NA,384,"Cory Hom-Weaver","compromised",1000,192000,"ADRIFT_065","No","10",NA,NA,NA,"Craig Hayslip, Daniel Palacios, Ladd Irvine, crew of Storm","ORE April deployment part 2; MOSAIC cruise","Continuous",3.22569444444444,75.8011111111111
"66","ADRIFT",66,"SFB","ACCESS","Unusable","drift","WCoastUSA","ST640","6671","Solar","SO-919",NA,"16557",37.72205,-123.23272,2023-05-08 03:08:00,100,"R/V Shimada",2023-05-13 20:51:00,37.569893,-123.536577,"R/V Shimada","K02_9299",2,1,856154,2,"856170",NA,NA,"6","6",384,"Kourtney Burger","unusable",NA,NA,"ADRIFT_066","No","10",NA,NA,"GFNMS","Jan Roletto","Soundtrap was flooded upon recovery; About 4 minutes of data was recovered from corroded SD cards (data on DON, not packaged for passive packer). Tracking link: https://fleetone.lonestartracking.com/share?95518b08ac3d4f2b37b84c72226eed4f","6 min for every 6",5.73819444444444,NA
"67","ADRIFT",67,"SFB","ACCESS","Complete","drift","WCoastUSA","ST640","6668","Solar","SO-506",NA,"16656",37.80117,-123.38492,2023-05-08 04:18:00,100,"R/V Shimada",2023-05-12 01:46:00,37.43115,-123.47074,"R/V Shimada","J02_9299",2,1,856158,2,"856172",2023-05-08 04:18:02,2023-05-12 01:36:03,"6","6",384,"Cory Hom-Weaver","compromised",50,192000,"ADRIFT_067","No","10",NA,NA,"GFNMS","Jan Roletto","Anchor was missing on retrieval. There is a possibility it grounded at Rittenburg Bank on 3/9/23. We need to check the recordings when they are back. Tracking link: https://fleetone.lonestartracking.com/share?95518b08ac3d4f2b37b84c72226eed4f . Snapping shrimp sounds start to appear 05/09/2023 02:50, flow noise is high after 05/10/2023 08:17:04","6 min for every 6",3.89444444444444,93.3002777777778
"68","ADRIFT",68,"HUM","ADRIFT","Complete","drift","WCoastUSA","ST4300HF","5992","Solar","SO-001",NA,"16546",40.8272,-124.539467,2023-05-07 00:25:00,100,"F/V Scrimshaw",2023-05-09 16:08:00,41.01357,-124.57364,"F/V Scrimshaw","C02_9299",2,1,856155,2,"856166",2023-05-07 00:29:58,2023-05-09 16:14:48,"Continuous",NA,384,"Cory Hom-Weaver","compromised",250,192000,"ADRIFT_068","No","10",NA,NA,NA,"Eric Bjorkstedt","Ch 1 has lower recieved levels than expected, use CH2 only","Continuous",2.65486111111111,63.7472222222222
"69","ADRIFT",69,"HUM","ADRIFT","Unusable","drift","WCoastUSA","ST4300HF","1071","Solar","SO-305",NA,"15865",40.82845,-124.588217,2023-05-07 00:37:00,100,"F/V Scrimshaw",2023-05-09,41.16206,-124.41831,"F/V Scrimshaw","G02_9299",2,1,856161,2,"856176",NA,NA,"Continuous",NA,384,"Kourtney Burger","unusable",NA,NA,"ADRIFT_069","No","10",NA,NA,NA,"Eric Bjorkstedt","Something is wrong with the recordings. The signal looks super weak in both channels. Data deleted from DON, SUD files on PAM2, not packaged for passive packer","Continuous",1.97430555555556,NA
"70","ADRIFT",70,"HUM","ADRIFT","Complete","drift","WCoastUSA","ST4300HF","5984","Solar","SO-798",NA,"16396",40.827433,-124.64165,2023-05-07 00:59:00,100,"F/V Scrimshaw",2023-05-09 17:30:00,40.8005,-125.02851,"F/V Scrimshaw","A02_9299",2,1,856156,2,"856167",2023-05-07 00:52:27,2023-05-09 17:44:46,"Continuous",NA,384,"Cory Hom-Weaver","good",50,192000,"ADRIFT_070","No","10",NA,NA,NA,"Eric Bjorkstedt",NA,"Continuous",2.68819444444444,64.8719444444444
"71","ADRIFT",71,"HUM","ADRIFT","Complete","drift","WCoastUSA","ST4300STD","8025","Solar","SO-638",NA,"16408",40.8274,-124.6979,2023-05-07 01:17:00,100,"F/V Scrimshaw",2023-05-09 17:59:48,40.76916,-125.09938,"F/V Scrimshaw","D02_9299",2,1,856162,2,"856168",2023-05-07 00:59:58,2023-05-09 17:59:48,"Continuous",NA,288,"Cory Hom-Weaver","compromised",250,192000,"ADRIFT_071","No","10",NA,NA,NA,"Eric Bjorkstedt",NA,"Continuous",2.69638888888889,64.9972222222222
"72","ADRIFT",72,"ORE","ADRIFT","Complete","drift","WCoastUSA","ST4300HF","5296","Solar","SO-533",NA,"17434",44.61386667,-124.7515667,2023-05-17 18:20:00,100,"R/V Elakha",2023-05-26 05:28:00,44.20557,-124.8223,"R/V Pacific Storm","E02_9299",2,1,856163,1,"856171",2023-05-17 18:13:55,2023-05-23 13:36:53,"Continuous",NA,384,"Cory Hom-Weaver","good",50,192000,"ADRIFT_072","No","10",NA,NA,NA,"Craig Hayslip, Hannah Sawyer, crew of Elakha","May deployment","Continuous",8.46388888888889,139.382777777778
"73","ADRIFT",73,"ORE","ADRIFT","Complete","drift","WCoastUSA","ST4300HF","5986","Solar","SO-692",NA,"17435",44.64125,-124.7832,2023-05-17 18:45:00,100,"R/V Elakha",2023-05-26 11:32:00,43.57674,-124.9721,"R/V Pacific Storm","H02_9299",2,1,856159,1,"856177",2023-05-17 18:38:29,2023-05-21 06:28:32,"Continuous",NA,384,"Cory Hom-Weaver","good",50,192000,"ADRIFT_073","No","10",NA,NA,NA,"Craig Hayslip, Hannah Sawyer, crew of Elakha","May deployment","Continuous",8.69930555555556,83.8341666666667
"74","ADRIFT",74,"ORE","ADRIFT","Complete","drift","WCoastUSA","ST4300HF","5991","Solar","SO-865",NA,"17438",44.61011667,-124.8104167,2023-05-17 19:06:00,100,"R/V Elakha",2023-05-26 11:00:00,43.60559,-125.01611,"R/V Pacific Storm","T01_9299",2,1,856136,1,"856145",2023-05-17 18:58:58,2023-05-21 20:30:14,"Continuous",NA,384,"Cory Hom-Weaver","compromised",250,192000,"ADRIFT_074","No","10",NA,NA,NA,"Craig Hayslip, Hannah Sawyer, crew of Elakha","May deployment; Ch 1 has lower recieved levels than expected, use CH2  only","Continuous",8.6625,97.5211111111111
"75","ADRIFT",75,"ORE","ADRIFT","Complete","drift","WCoastUSA","ST4300HF","5994","Solar","SO-588",NA,"17439",44.583,-124.7810167,2023-05-17 19:02:00,100,"R/V Elakha",2023-05-26 05:39:00,44.22705,-124.84481,"R/V Pacific Storm","V01_9299",2,1,856138,1,"856151",2023-05-17 19:25:22,2023-05-21 09:00:04,"Continuous",NA,384,"Cory Hom-Weaver","good",250,192000,"ADRIFT_075","No","10",NA,NA,NA,"Craig Hayslip, Hannah Sawyer, crew of Elakha","May deployment","Continuous",8.44236111111111,85.5783333333333
"76","ADRIFT",76,"ORE","ADRIFT","Unusable","drift","WCoastUSA","ST4300HF","5296","Solar","SO-533",NA,"17434",44.6520667,-124.65207,2023-07-17 19:05:00,100,"R/V Elakha",2023-07-21 20:15:00,44.4635,-124.942,"R/V Pacific Storm","E02_9299",2,1,856163,1,"856171",NA,NA,"6","6",384,"Kourtney Burger","unusable",NA,NA,"ADRIFT_076","No","10",NA,NA,NA,"Craig Hayslip, Marissa Garcia, crew of Elakha/Storm","July deployment, recorder didn't start","6 min for every 6",4.04861111111111,NA
"77","ADRIFT",77,"ORE","ADRIFT","Complete","drift","WCoastUSA","ST4300HF","5986","Solar","SO-692",NA,"17435",44.7479333,-124.74793,2023-07-17 20:00:00,100,"R/V Elakha",2023-07-21 21:20:00,44.43216667,-124.8083333,"R/V Pacific Storm","H02_9299",2,1,856159,1,"856177",2023-07-17 19:08:24,2023-07-21 08:34:54,"6","6",384,"Cory Hom-Weaver","compromised",150,192000,"ADRIFT_077","No","10",NA,NA,NA,"Craig Hayslip, Marissa Garcia, crew of Elakha/Storm","July deployment","6 min for every 6",4.05555555555556,85.4416666666667
"78","ADRIFT",78,"ORE","ADRIFT","Complete","drift","WCoastUSA","ST4300HF","5994","Solar","SO-588",NA,"17439",44.73705,-124.67712,2023-07-17 18:25:00,100,"R/V Elakha",2023-07-21 21:00:00,44.45266667,-124.8458333,"R/V Pacific Storm","V01_9299",2,1,856138,1,"856151",2023-07-17 20:03:06,2023-07-21 11:22:38,"6","6",384,"Cory Hom-Weaver","compromised",55,192000,"ADRIFT_078","No","10",NA,NA,NA,"Craig Hayslip, Marissa Garcia, crew of Elakha/Storm","July deployment, lots of noise throughout the drift","6 min for every 6",4.10763888888889,87.3255555555556
"79","ADRIFT",79,"MBY","CCC","Complete","drift","WCoastUSA","ST640","6664","Solar","SO-866",NA,"15766/16431",35.627767,-121.637933,2023-07-11 19:58:00,100,"R/V Fulmar",2023-07-16 16:28:00,35.399233,-121.457383,"R/V  Fulmar","K02_9299",2,1,856154,2,"856170",2023-07-11 19:54:00,2023-07-16 16:24:02,"6","6",384,"Cory Hom-Weaver","good",200,192000,"ADRIFT_079","No","10","No",NA,"CHNMS, MBNMS","Cory Hom-Weaver",NA,"6 min for every 6",4.85416666666667,116.500555555556
"80","ADRIFT",80,"MBY","CCC","Complete","drift","WCoastUSA","ST640","6655","Solar","SO-602",NA,"15968/16536",35.6299,-121.754417,2023-07-11 20:38:00,100,"R/V Fulmar",2023-07-16 20:23:00,35.875933,-121.757017,"R/V  Fulmar","B02_9299",2,1,856165,2,"856173",2023-07-11 20:42:00,2023-07-16 20:12:01,"6","6",384,"Cory Hom-Weaver","good",50,192000,"ADRIFT_080","No","10","No",NA,"MBNMS","Cory Hom-Weaver",NA,"6 min for every 6",4.98958333333333,119.500277777778
"81","ADRIFT",81,"MBY","CCC","Complete","drift","WCoastUSA","ST640","7517","Solar","SO-135",NA,"16597/16636",35.541633,-121.749383,2023-07-11 21:18:00,100,"R/V Fulmar",2023-07-16 17:53:00,35.65765,-121.529567,"R/V  Fulmar","Z01_9299",2,1,856135,2,"856148",2023-07-11 21:18:00,2023-07-16 17:42:02,"6","6",384,"Cory Hom-Weaver","good",250,192000,"ADRIFT_081","No","No","No",NA,"MBNMS","Cory Hom-Weaver",NA,"6 min for every 6",4.85763888888889,116.400555555556
"82","ADRIFT",82,"MBY","CCC","Complete","drift","WCoastUSA","ST640","7521","Solar","SO-777",NA,"16409/16557",35.539133,-121.634117,2023-07-11 21:58:00,100,"R/V Fulmar",2023-07-15 18:40:00,35.6299,-121.754417,"R/V  Fulmar","U01_9299",2,1,856137,2,"856149",2023-07-11 21:54:00,2023-07-15 18:42:01,"6","6",384,"Cory Hom-Weaver","good",25,192000,"ADRIFT_082","No","No","No",NA,"CHNMS","Cory Hom-Weaver",NA,"6 min for every 6",3.8625,92.8002777777778
"83","ADRIFT",83,"MBY","CCC","Complete","drift","WCoastUSA","ST640","6665","Solar","SO-506",NA,"16528/15761",35.54235,-121.484383,2023-07-11 22:41:00,100,"R/V Fulmar",2023-07-16 17:20:00,35.635383,-121.421917,"R/V  Fulmar","X01_9299",2,1,856140,2,"856150",2023-07-11 22:44:00,2023-07-16 17:18:01,"6","6",384,"Cory Hom-Weaver","good",25,192000,"ADRIFT_083","No","10","No",NA,"CHNMS, MBNMS","Cory Hom-Weaver","At first glance, lots of odontocetes","6 min for every 6",4.77708333333333,114.566944444444
"84","ADRIFT",84,"MBY","CCC","Failed","drift","WCoastUSA","ST640","6668","Solar","SO-331",NA,"16639/16530",35.447433,-121.5797,2023-07-11 23:20:00,100,"R/V Fulmar",NA,NA,NA,NA,"J02_9299",2,1,856158,2,"856172",NA,NA,"6","6",384,"Kourtney Burger","unusable",NA,NA,"ADRIFT_084","No",NA,"No",NA,"CHNMS","Cory Hom-Weaver","Lost at sea","6 min for every 6",NA,NA
"85","ADRIFT",85,"ORE","ADRIFT","Complete","drift","WCoastUSA","ST4300HF","5296","Solar","SO-533",NA,"17434",45.3824167,-124.41357,2023-08-04 22:06:00,100,"R/V Pacific Storm",2023-08-12 13:48:56,44.95337,-124.44817,"R/V Pacific Storm","E02_9299",2,1,856163,1,"856171",2023-08-04 22:05:52,2023-08-11 02:37:32,"6","6",384,"Cory Hom-Weaver","compromised",75,192000,"ADRIFT_085","No","10",NA,NA,NA,"Angela Szesciorka, Ladd Irvine, Craig Hayslip, crew of Storm","MOSAIC cruise, 6 minute file gap at 8/5/2023 9:23:52","6 min for every 6",7.65481481481481,148.527777777778
"86","ADRIFT",86,"ORE","ADRIFT","Complete","drift","WCoastUSA","ST4300HF","5986","Solar","SO-692",NA,"17435",45.3176667,-124.41017,2023-08-04 22:39:00,100,"R/V Pacific Storm",2023-08-12 15:48:00,44.83994,-124.47023,"R/V Pacific Storm","H02_9299",2,1,856159,1,"856177",2023-08-04 22:41:22,2023-08-08 10:11:55,"6","6",384,"Cory Hom-Weaver","compromised",250,192000,"ADRIFT_086","No","10",NA,NA,NA,"Angela Szesciorka, Ladd Irvine, Craig Hayslip, crew of Storm","MOSAIC cruise","6 min for every 6",7.71458333333333,83.5091666666667
"87","ADRIFT",87,"ORE","ADRIFT","Complete","drift","WCoastUSA","ST4300HF","5994","Solar","SO-588",NA,"17439",45.3368667,-124.46508,2023-08-04 23:15:00,100,"R/V Pacific Storm",2023-08-12 14:39:00,44.94423,-124.53973,"R/V Pacific Storm","V01_9299",2,1,856138,1,"856151",2023-08-04 23:14:28,2023-08-08 11:44:44,"6","6",384,"Cory Hom-Weaver","compromised",40,192000,"ADRIFT_087","No","10",NA,NA,NA,"Angela Szesciorka, Ladd Irvine, Craig Hayslip, crew of Storm","MOSAIC cruise, gaps in recordings listed in RAW DON folder (\RECORDINGS\DRIFTERS\ADRIFT\RAW\ADRIFT_087_CENSOR\RecordingGaps.txt","6 min for every 6",7.64166666666667,84.5044444444444
"88","ADRIFT",88,"HUM","CoralSeaWW","Complete","drift","WCoastUSA","ST4300HF","5992","Solar","SO-001",NA,"16546",41.83065,-124.641,2023-08-25 17:05:00,100,"R/V Coral Sea",2023-08-28 21:17:00,41.144439,-124.41566,"Scrimshaw","C02_9299",2,1,856155,2,"856166",2023-08-25 17:29:58,2023-08-28 20:23:59,"6","6",384,"Cory Hom-Weaver","compromised",250,192000,"ADRIFT_088","No","10",NA,NA,NA,"Eric Bjorkstedt",NA,"6 min for every 6",3.175,74.9002777777778
"89","ADRIFT",89,"HUM","CoralSeaWW","Complete","drift","WCoastUSA","ST4300HF","5990","Solar","SO-305",NA,"15865",41.83002,-124.69,2023-08-25 17:20:00,100,"R/V Coral Sea",2023-08-28 21:27:00,41.144442,-124.41566,"Scrimshaw","G02_9299",2,1,856161,2,"856176",2023-08-25 17:17:58,2023-08-26 18:23:58,"6","6",384,"Cory Hom-Weaver","compromised",50,192000,"ADRIFT_089","No","10",NA,NA,NA,"Eric Bjorkstedt","error with SUD files, recovered ~ 1 day of recordings","6 min for every 6",3.17152777777778,25.1
"90","ADRIFT",90,"HUM","CoralSeaWW","Complete","drift","WCoastUSA","ST4300HF","5984","Solar","SO-798",NA,"16396",41.82998,-124.54227,2023-08-25 17:40:00,100,"R/V Coral Sea",2023-08-28 21:58:00,40.93304,-124.42666,"Scrimshaw","A02_9299",2,1,856156,2,"856167",2023-08-25 17:41:58,2023-08-26 21:11:58,"6","6",384,"Cory Hom-Weaver","compromised",50,192000,"ADRIFT_090","No","10",NA,NA,NA,"Eric Bjorkstedt","error with SUD files, recovered ~ 1 day of recordings","6 min for every 6",3.17916666666667,27.5
"91","ADRIFT",91,"HUM","CoralSeaWW","Complete","drift","WCoastUSA","ST4300STD","8025","Solar","SO-638",NA,"16408",41.82983,-124.59067,2023-08-25 18:00:00,100,"R/V Coral Sea",2023-08-28 22:28:00,40.77271,-124.52787,"Scrimshaw","D02_9299",2,1,856162,2,"856168",2023-08-25 18:05:58,2023-08-28 21:29:59,"6","6",288,"Cory Hom-Weaver","compromised",50,192000,"ADRIFT_091","No","10",NA,NA,NA,"Eric Bjorkstedt",NA,"6 min for every 6",3.18611111111111,75.4002777777778
"92","ADRIFT",92,"SFB","ACCESS","Complete","drift","WCoastUSA","ST640","6663","Solar","SO-359",NA,"16656/16658",37.722533,-123.232467,2023-09-17 17:42:00,100,"R/V Fulmar",2023-09-22 01:48:00,37.70513,-123.66975,"R/V Lasker","L02_9299",2,1,856157,2,"856169",2023-09-17 17:42:00,2023-09-22 01:42:02,"6","6",384,"Cory Hom-Weaver","compromised",250,192000,"ADRIFT_092","No","10",NA,NA,"CBNMS, GFNMS","Dani Lipske (ACCESS) / Kevin Stierhoff (SWFSC scientist on Lasker for recovery)","R/V Lasker recovered the buoy en route to Newport because the R/V Fulmar is in port with mechanical issues and unable to help with recovery","6 min for every 6",4.3375,104.000555555556
"93","ADRIFT",97,"HUM","ADRIFT","Complete","drift","WCoastUSA","ST4300HF","5992","Solar","SO-001",NA,"16396",40.83497,-124.54502,2023-10-05 23:16:00,100,"Scrimshaw",2023-10-06 23:24:00,40.9315,-124.88719,"Scrimshaw","C02_9299",2,1,856155,2,"856166",2023-10-05 23:29:58,2023-10-06 23:23:58,"6","6",384,"Cory Hom-Weaver","compromised",75,192000,"ADRIFT_097","No","10",NA,NA,NA,"Eric Bjorkstedt",NA,"6 min for every 6",1.00555555555556,23.9
"94","ADRIFT",98,"HUM","ADRIFT","Complete","drift","WCoastUSA","ST4300HF","5990","Solar","SO-798",NA,"16408",40.83524,-124.59503,2023-10-05 23:29:00,100,"Scrimshaw",2023-10-06 23:36:00,40.95905,-124.93727,"Scrimshaw","G02_9299",2,1,856161,2,"856176",2023-10-05 23:29:58,2023-10-06 23:41:58,"6","6",384,"Cory Hom-Weaver","compromised",80,192000,"ADRIFT_098","No","10",NA,NA,NA,"Eric Bjorkstedt",NA,"6 min for every 6",1.00486111111111,24.2
"95","ADRIFT",99,"HUM","ADRIFT","Complete","drift","WCoastUSA","ST4300HF","5984","Solar","SO-638",NA,"16546",40.83531,-124.64676,2023-10-05 23:41:00,100,"Scrimshaw",2023-10-06 23:51:00,40.9718,-124.99055,"Scrimshaw","A02_9299",2,1,856156,2,"856167",2023-10-05 23:41:58,2023-10-06 23:53:58,"6","6",384,"Cory Hom-Weaver","compromised",250,192000,"ADRIFT_099","No","10",NA,NA,NA,"Eric Bjorkstedt","Loud banging!","6 min for every 6",1.00694444444444,24.2
"96","ADRIFT",100,"HUM","ADRIFT","Complete","drift","WCoastUSA","ST4300STD","8025","Solar","SO-305",NA,"15865",40.83532,-124.69814,2023-10-05 23:54:00,100,"Scrimshaw",2023-10-07 00:03:00,40.97695,-125.02801,"Scrimshaw","D02_9299",2,1,856162,2,"856168",2023-10-05 23:53:58,2023-10-07 00:23:58,"6","6",288,"Cory Hom-Weaver","compromised",250,192000,"ADRIFT_100","No","10",NA,NA,NA,"Eric Bjorkstedt",NA,"6 min for every 6",1.00625,24.5
"97","ADRIFT",101,"MBY","CCC","Complete","drift","WCoastUSA","ST640","7932","Solar","SO-919",NA,"15771/15801",35.628833,-121.635133,2023-11-06 17:11:00,100,"R/V Shearwater",2023-11-10 18:11:00,35.369433,-121.712218,"R/V Shearwater","U01_9299",2,1,856137,2,"856149",2023-11-06 17:06:00,2023-11-10 18:18:01,"6","6",384,"Cory Hom-Weaver","compromised",30,192000,"ADRIFT_101","No","10",NA,NA,"MBNMS","Anne Simonis, Shannon Rankin, Kourtney Burger, Kaitlin Palmer, & Shearwater crew","Recovered within 1 mile of mixed group Delphinus delphis + Lissodelphins","6 min for every 6",4.04166666666667,97.2002777777778
"98","ADRIFT",102,"MBY","CCC","Complete","drift","WCoastUSA","ST640","6667","Solar","SO-866",NA,"15968/16656",35.631883,-121.749367,2023-11-06 17:46:00,100,"R/V Shearwater",2023-11-10 19:39:00,35.81375,-121.01515,"R/V Shearwater","X01_9299",2,1,856140,2,"856150",2023-11-06 17:42:00,2023-11-10 19:48:01,"6","6",384,"Cory Hom-Weaver","compromised",30,192000,"ADRIFT_102","No","10",NA,NA,NA,"Anne Simonis, Shannon Rankin, Kourtney Burger, Kaitlin Palmer, & Shearwater crew",NA,"6 min for every 6",4.07847222222222,98.1002777777778
"99","ADRIFT",103,"MBY","CCC","Complete","drift","WCoastUSA","ST640","7939","Solar","SO-135",NA,"16658/16597",35.628133,-121.86545,2023-11-06 19:00:00,100,"R/V Shearwater",2023-11-10 20:43:00,35.81375,-121.061433,"R/V Shearwater","W01_9299",2,1,856135,2,"856147",2023-11-06 18:54:00,2023-11-10 20:54:01,"6","6",384,"Cory Hom-Weaver","compromised",60,192000,"ADRIFT_103","No","10",NA,NA,NA,"Anne Simonis, Shannon Rankin, Kourtney Burger, Kaitlin Palmer, & Shearwater crew",NA,"6 min for every 6",4.07152777777778,98.0002777777778
"100","ADRIFT",104,"MBY","CCC","Complete","drift","WCoastUSA","ST640","7930","Solar","SO-083",NA,"16583/16431",35.629283,-121.9473,2023-11-06 19:26:00,100,"R/V Shearwater",2023-11-10 22:46:00,35.540633,-122.010517,"R/V Shearwater","L02_9299",2,1,856157,2,"856169",2023-11-06 19:24:00,2023-11-10 22:48:01,"6","6",384,"Cory Hom-Weaver","compromised",250,192000,"ADRIFT_104","No","10",NA,NA,NA,"Anne Simonis, Shannon Rankin, Kourtney Burger, Kaitlin Palmer, & Shearwater crew",NA,"6 min for every 6",4.13888888888889,99.4002777777778
"101","ADRIFT",105,"MBY","CCC","Complete","drift","WCoastUSA","ST640","7951","Solar","SO-082",NA,"15737/16647",35.54435,-121.948917,2023-11-06 20:04:00,100,"R/V Shearwater",2023-11-10 21:51:00,35.5605,-121.851683,"R/V Shearwater","F02_9299",2,1,856164,2,"856175",2023-11-06 20:00:00,2023-11-10 22:00:01,"6","6",384,"Cory Hom-Weaver","compromised",250,192000,"ADRIFT_105","No","10",NA,NA,NA,"Anne Simonis, Shannon Rankin, Kourtney Burger, Kaitlin Palmer, & Shearwater crew",NA,"6 min for every 6",4.07430555555556,98.0002777777778
"102","ADRIFT",106,"MBY","CCC","Complete","drift","WCoastUSA","ST640","6663","Solar","SO-359",NA,"15766/15761",35.542667,-121.851933,2023-11-06 20:36:00,100,"R/V Shearwater",2023-11-10 22:13:00,35.54365,-121.91835,"R/V Shearwater","B02_9299",2,1,856165,2,"856173",2023-11-06 20:36:00,2023-11-10 22:18:01,"6","ca",384,"Cory Hom-Weaver","compromised",250,192000,"ADRIFT_106","No","10",NA,NA,NA,"Anne Simonis, Shannon Rankin, Kourtney Burger, Kaitlin Palmer, & Shearwater crew",NA,"6 min for every ca",4.06736111111111,97.7002777777778
"103","ADRIFT",107,"MBY","CCC","Complete","drift","WCoastUSA","ST640","7934","Solar","SO-803",NA,"16557/16409",35.54185,-121.7526,2023-11-06 21:03:00,100,"R/V Shearwater",2023-11-10 20:12:00,35.730217,-122.03485,"R/V Shearwater","Z01_9299",2,1,856135,2,"856148",2023-11-06 21:00:00,2023-11-10 20:24:01,"6","6",384,"Cory Hom-Weaver","compromised",250,192000,"ADRIFT_107","No","10",NA,NA,NA,"Anne Simonis, Shannon Rankin, Kourtney Burger, Kaitlin Palmer, & Shearwater crew",NA,"6 min for every 6",3.96458333333333,95.4002777777778
"104","ADRIFT",108,"MBY","CCC","Complete","drift","WCoastUSA","ST640","7519","Solar","SO-602",NA,"16549/16536",35.54275,-121.6337,2023-11-06 21:46:00,100,"R/V Shearwater",2023-11-10 21:18:00,35.649383,-121.926033,"R/V Shearwater","K02_9299",2,1,856154,2,"856170",2023-11-06 21:41:59,2023-11-10 21:24:00,"6","6",384,"Cory Hom-Weaver","compromised",250,192000,"ADRIFT_108","No","10",NA,NA,"CHNMS, MBNMS","Anne Simonis, Shannon Rankin, Kourtney Burger, Kaitlin Palmer, & Shearwater crew",NA,"6 min for every 6",3.98055555555556,95.7002777777778
"105","CCES",4,"HUM","CCES2018","Complete","drift","WCoastUSA","SM3M","SM3M_3","SPOT","E/K",NA,"OT-6",45.0834,-128.2082,2018-07-25 03:30:00,100,"R/V Ruben Lasker",2018-10-13 00:36:00,41.7569,-127.1545,"R/V Ruben Lasker","3",2,1,856073,2,"856040",2018-07-30,2018-10-12 23:59:59,"2","20",256,NA,"compromised",100,256000,"CCES_004","No","No","No",NA,"No NMS entered",NA,"Duty cycle 2/4 for 20 days then 2/20, Instrument noise at ~60kHz and 100kHz throughout drift","2 min for every 20",79.8791666666667,1799.99972222222
"106","CCES",7,"HUM","CCES2018","Complete","drift","WCoastUSA","ST4300HF","1208791071","SPOT","R/S",NA,"LAT-5",41.2604,-125.0157,2018-08-05 14:48:00,150,"R/V Ruben Lasker",2018-10-22 09:00:00,42.04,-124.485,"R/V Ruben Lasker","12",2,1,856049,2,"856068",2018-08-05 15:27:50,2018-09-22 18:09:50,"2","20",288,"Cory Hom-Weaver","good",20,288000,"CCES_007","No","No","10",NA,"No NMS entered",NA,"Drift 7 grounded and was retrieved by Gary Friedrichson using his small boat from shore around 1900 UTC on 9/22/2018, low frequency strumming under 100 Hz","2 min for every 20",77.7583333333333,1154.7
"107","CCES",8,"HUM","CCES2018","Complete","drift","WCoastUSA","ST4300HF","1678016538","SPOT","T/U",NA,"LAT-6",38.9485,-126.6449,2018-08-16 02:34:00,150,"R/V Ruben Lasker",2018-10-10 16:53:00,34.3774,-128.3174,"R/V Ruben Lasker","D",2,1,856095,2,"856041",2018-08-16 04:38:04,2018-10-01 01:59:55,"2","20",288,"Cory Hom-Weaver","good",30,288000,"CCES_008","No","10","10",NA,"No NMS entered",NA,"Low frequency strumming under 50 Hz","2 min for every 20",55.5965277777778,1101.36416666667
"108","CCES",10,"PTA","CCES2018","Complete","drift","WCoastUSA","ST4300HF","1208786975","SPOT","Z/AA",NA,"LAT-8",36.7607,-125.0584,2018-08-22 02:11:00,150,"R/V Ruben Lasker",2018-10-22 00:21:00,35.9671,-122.9397,"R/V Ruben Lasker","E",2,1,856096,2,"856044",2018-08-22 02:24:55,2018-10-21 23:48:58,"2","20",576,"Cory Hom-Weaver","good",30,576000,"CCES_010","No","No","10",NA,"MBNMS",NA,"Low frequency strumming under 30 Hz","2 min for every 20",60.9236111111111,1461.40083333333
"109","CCES",12,"MOB","CCES2018","Complete","drift","WCoastUSA","ST4300HF","1544081436","SPOT","C/D",NA,"LAT-10",34.8303,-123.8146,2018-08-30 02:34:00,150,"R/V Ruben Lasker",2018-10-06 17:08:00,34.0316,-124.3911,"R/V Ruben Lasker","G",2,1,856097,2,"856017",2018-08-30 02:58:44,2018-10-06 17:00:44,"2","20",288,"Cory Hom-Weaver","good",20,288000,"CCES_012","No","10","10",NA,"No NMS entered",NA,"Low frequency strumming under 100 Hz","2 min for every 20",37.6069444444444,902.033333333333
"110","CCES",13,"CHI","CCES2018","Complete","drift","WCoastUSA","ST4300HF","1677738025","SPOT","X/Y",NA,"LAT-11",33.898,-120.9078,2018-09-11 20:35:00,150,"R/V Ruben Lasker",2018-10-23 14:34:00,31.4444,-119.7754,"R/V Ruben Lasker","H",2,1,856051,2,"856067",2018-09-11 20:56:28,2018-10-23 13:58:28,"2","20",288,"Cory Hom-Weaver","good",25,288000,"CCES_013","No","10","10",NA,"CHNMS",NA,"Low frequency strumming under 50 Hz","2 min for every 20",41.7493055555556,1001.03333333333
"111","CCES",14,"BCN","CCES2018","Complete","drift","WCoastUSA","ST4300HF","1208791071","SPOT","A/B",NA,"LAT-5",32.2688,-118.2563,2018-10-05 05:46:00,150,"R/V Ruben Lasker",2018-11-01 16:55:00,31.9507,-119.2481,"R/V Ruben Lasker","J",2,1,856048,2,"856059",2018-10-05 06:01:04,2018-11-01 16:43:04,"2","20",576,"Cory Hom-Weaver","good",30,576000,"CCES_014","No","10","10",NA,"No NMS entered",NA,"Low frequency strumming under 30 Hz; frequent mid-frequency active sonar (2-10 kHz) throughout","2 min for every 20",27.4645833333333,658.7
"112","CCES",16,"BCN","CCES2018","Complete","drift","WCoastUSA","ST4300HF","1543770129","SPOT","R/S",NA,NA,31.3534,-117.4199,2018-10-30 14:33:00,150,"R/V Ruben Lasker",2018-11-21 04:18:00,32.1253,-118.0337,"R/V Ruben Lasker","12",2,1,856049,2,"856068",2018-10-30 14:49:37,2018-11-15 23:01:37,"2","10",576,"Cory Hom-Weaver","good",30,576000,"CCES_016","No","10","10",NA,"No NMS entered",NA,"Low frequency strumming under 50 Hz","2 min for every 10",21.5729166666667,392.2
"113","CCES",17,"BCN","CCES2018","Complete","drift","WCoastUSA","SM3M","SM3M_3","SPOT","E/K",NA,"OT-6",30.725,-118.6933,2018-10-31 00:02:00,100,"R/V Ruben Lasker",2018-11-24 04:31:00,28.2857,-118.4385,"R/V Ruben Lasker","3",2,1,856073,2,"856040",2018-10-31,2018-11-24 04:30:00,"2","4",256,NA,"compromised",0,256000,"CCES_017","No","No","No",NA,"No NMS entered",NA,NA,"2 min for every 4",24.1868055555556,580.5
"114","CCES",18,"BCN","CCES2018","Complete","drift","WCoastUSA","ST4300HF","1208786975","SPOT","Z/AA",NA,"LAT-8",30.0108,-120.1815,2018-10-31 09:58:00,150,"R/V Ruben Lasker",2018-11-23 18:41:00,29.5059,-118.8216,"R/V Ruben Lasker","E",2,1,856096,2,"856044",2018-10-31 10:05:29,2018-11-16 04:12:29,"2","6",576,"Cory Hom-Weaver","good",0,576000,"CCES_018","No","No","10",NA,"No NMS entered",NA,NA,"2 min for every 6",23.3631944444444,378.116666666667
"115","CCES",19,"BCN","CCES2018","Complete","drift","WCoastUSA","ST4300HF","1678016538","SPOT","T/U",NA,"LAT-6",30.0477,-117.4605,2018-11-01 02:11:00,150,"R/V Ruben Lasker",2018-11-27 14:20:00,28.4041,-115.5497,"R/V Ruben Lasker","D",2,1,856095,2,"856041",2018-11-01 02:23:12,2018-11-18 12:54:48,"2","10",576,"Cory Hom-Weaver","good",30,576000,"CCES_019","No","10","10",NA,"No NMS entered",NA,"Low frequency strumming under 50 Hz, Overlaps with day light savings time change","2 min for every 10",26.50625,418.526666666667
"116","CCES",20,"BCN","CCES2018","Complete","drift","WCoastUSA","ST4300HF","1677738025","SPOT","X/Y",NA,"LAT-11",29.459,-118.393,2018-11-05 14:04:00,150,"R/V Ruben Lasker",2018-11-22 19:21:00,29.392,-116.3355,"R/V Ruben Lasker","G",2,1,856097,2,"856017",2018-11-05 14:22:39,2018-11-22 09:16:43,"2","10",576,"Cory Hom-Weaver","good",20,576000,"CCES_020","No","10","10",NA,"No NMS entered",NA,"Low frequency strumming under 50 Hz","2 min for every 10",17.2201388888889,402.901111111111
"117","CCES",21,"BCN","CCES2018","Complete","drift","WCoastUSA","ST4300HF","1208791071","SPOT","A/B",NA,NA,29.4677,-116.012,2018-11-06 03:43:00,150,"R/V Ruben Lasker",2018-11-11 09:29:00,29.8233,-116.0796,"R/V Ruben Lasker","J",2,1,856048,2,"856059",2018-11-06 03:58:51,2018-11-11 09:12:51,"2","6",576,"Cory Hom-Weaver","good",50,576000,"CCES_021","No","10","10",NA,"No NMS entered",NA,"no depth data, Low frequency strumming and knocking under 50 Hz","2 min for every 6",5.24027777777778,125.233333333333
"118","CCES",22,"BCN","CCES2018","Complete","drift","WCoastUSA","ST4300HF","1544081436","SPOT","C/D",NA,"LAT-10",28.7247,-116.4778,2018-11-07 14:04:00,150,"R/V Ruben Lasker",2018-11-27 04:55:00,28.2846,-116.6829,"R/V Ruben Lasker","H",2,1,856051,2,"856067",2018-11-07 14:23:49,2018-11-23 18:55:49,"2","10",576,"Cory Hom-Weaver","good",25,576000,"CCES_022","No","10","10",NA,"No NMS entered",NA,"Low frequency strumming and knocking under 100 Hz","2 min for every 10",19.61875,388.533333333333
"119","CCES",23,"BCN","CCES2018","Complete","drift","WCoastUSA","ST4300HF","1208791071","SPOT","A/B",NA,NA,30.9285,-117.3812,2018-11-22 08:10:00,150,"R/V Ruben Lasker",2018-12-03 00:25:00,31.0542,-119.0123,"R/V Ruben Lasker","J",2,1,856048,2,"856059",2018-11-22 08:28:24,2018-12-03 00:49:11,"2","5",576,"Cory Hom-Weaver","good",20,576000,"CCES_023","No","10","10",NA,"No NMS entered",NA,"no depth data, Low frequency strumming and knocking under 50 Hz, ship noise under 250 Hz","2 min for every 5",10.6770833333333,256.346388888889
"120","PASCAL",1,"ORE","PASCAL","Complete","drift","WCoastUSA","ST4300","8505","Spot","F, G",NA,NA,44.35261667,-125.3065833,2016-08-19 17:14:13,100,"R/V Shimada",2016-08-31 15:04:41,43.28963,-126.28662,"R/V Shimada","B-5",2,1,856052,2,"856063",2016-08-20 02:20:07,2016-08-31 14:42:00,"2","10",288,"Cory Hom-Weaver","compromised",250,144000,"PASCAL_001","No","No","No",NA,"No NMS entered","Shannon Rankin",NA,"2 min for every 10",11.9100462962963,276.364722222222
"121","PASCAL",2,"HUM","PASCAL","Complete","drift","WCoastUSA","ST4300","0773","Spot","P, Q",NA,"OT-1",41.48988333,-125.3636,2016-08-21 06:43:25,100,"R/V Shimada",2016-09-01 02:19:50,41.89747,-125.31944,"R/V Shimada","B-6",2,1,856061,2,"856056",2016-08-20 18:44:06,2016-09-01 02:06:05,"2","10",288,"Cory Hom-Weaver","good",28,144000,"PASCAL_002",NA,NA,NA,NA,"No NMS entered","Shannon Rankin",NA,"2 min for every 10",10.8169560185185,271.366388888889
"122","PASCAL",3,"MND","PASCAL","Complete","drift","WCoastUSA","ST4300","2438","Spot","R, S",NA,NA,38.57328333,-124.3630667,2016-08-21 10:41:47,100,"R/V Shimada",2016-09-02 16:30:42,38.08465,-124.03339,"R/V Shimada","B-7",2,1,856051,2,"856067",2016-08-21 10:37:16,2016-09-02 16:39:16,"2","10",288,"Cory Hom-Weaver","compromised",250,144000,"PASCAL_003",NA,NA,NA,NA,"CBNMS, GFNMS","Shannon Rankin",NA,"2 min for every 10",12.2423032407407,294.033333333333
"123","PASCAL",4,"MBY","PASCAL","Complete","drift","WCoastUSA","ST4300","2634","Spot","T, U",NA,NA,36.34588333,-122.9485333,2016-08-22 00:34:38,100,"R/V Shimada",2016-09-03 19:11:44,36.04671,-122.68306,"R/V Shimada","B-8",2,1,856060,2,"856058",2016-08-22 00:28:27,2016-09-03 19:14:33,"2","10",288,"Cory Hom-Weaver","good",70,144000,"PASCAL_004",NA,NA,NA,NA,"No NMS entered","Shannon Rankin",NA,"2 min for every 10",12.7757638888889,306.768333333333
"124","PASCAL",5,"CHI","PASCAL","Complete","drift","WCoastUSA","ST4300","8677","Spot","X, Y",NA,"OT-3",34.21,-121.4316667,2016-08-22 15:05:24,100,"R/V Shimada",2016-09-04 22:51:13,33.99318,-121.7215,"R/V Shimada","B-9",2,1,856048,2,"856059",2016-08-22 15:03:58,2016-09-04 22:55:57,"2","10",288,"Cory Hom-Weaver","good",0,144000,"PASCAL_005",NA,NA,NA,NA,"CHNMS","Shannon Rankin",NA,"2 min for every 10",13.3234837962963,319.866388888889
"125","PASCAL",6,"BCN","PASCAL","Complete","drift","WCoastUSA","ST4300","6538","Spot","Z, AA",NA,NA,32.19448333,-119.9124333,2016-08-24 13:00:00,100,"R/V Shimada",2016-09-12 12:53:21,32.60741,-119.49986,"R/V Shimada","B-10",2,1,856053,2,"856064",2016-08-24 13:00:23,2016-08-30 03:29:26,"2","2",288,"Cory Hom-Weaver","compromised",230,144000,"PASCAL_006",NA,NA,NA,NA,"No NMS entered","Shannon Rankin","Recorded continuously instead of duty-cycle. LTSA looks noisy, possibly from electrical noise","2 min for every 2",18.9953819444444,134.484166666667
"126","PASCAL",7,"BCN","PASCAL","Complete","drift","WCoastUSA","SM3M","SM3M #1","Spot","Gen-C, A",NA,NA,31.36931667,-123.70755,2016-08-25 09:31:29,100,"R/V Shimada",2016-09-13 09:29:54,30.24416,-122.39265,"R/V Shimada","B-1",2,1,856045,2,"856042",2016-08-25 09:30:06,2016-09-13 09:30:03,"Continuous",NA,256,"Cory Hom-Weaver","compromised",250,128000,"PASCAL_007",NA,NA,NA,NA,"No NMS entered","Shannon Rankin","SM3M recorders were set to record continuously, with each hour consisting of 29 2 min files at a 256 kHz sampling rate followed by one 2 min file at 96 kHz sampling rate (for cleaner ocean noise measurements. Electrical noise between 40-55kHz. Also LTSA reads normally until 9/10/2016 then something weird happened?","Continuous",18.998900462963,455.999166666667
"127","PASCAL",8,"CHI","PASCAL","Complete","drift","WCoastUSA","SM2Bat","SM2+Bat #1","Spot","H, I",NA,"OT-4; SM2+",33.76465,-125.9156167,2016-08-26 04:56:14,100,"R/V Shimada",2016-09-14 11:39:54,33.95017,-125.3851,"R/V Shimada","W-1",2,1,856028,2,"856025",2016-08-26 04:56:00,2016-09-14 02:46:00,"2","4",192,"Cory Hom-Weaver","compromised",250,96000,"PASCAL_008",NA,NA,NA,NA,"No NMS entered","Shannon Rankin","Noisy below 20 kHz; Good above. SM2Bat, banding throughout LTSA and recordings","2 min for every 4",19.2803240740741,453.833333333333
"128","PASCAL",9,"MBY","PASCAL","Complete","drift","WCoastUSA","ST300","3689","Spot","AB, AC",NA,NA,36.54101667,-127.5716667,2016-08-27 00:30:47,100,"R/V Shimada",2016-09-15 13:04:56,36.99042,-128.64151,"R/V Shimada","B-11",1,1,201883689,NA,"n/a",2016-08-27 02:14:57,2016-09-15 20:12:13,"2","2",48,"Cory Hom-Weaver","good",0,24000,"PASCAL_009",NA,NA,NA,NA,"No NMS entered","Shannon Rankin","This was a soundtrap on the same array but at depth. I've briefly scanned through the full bandwidth LTSA and the recordings look good. No noise log","2 min for every 2",19.5237152777778,473.954444444444
"129","PASCAL",9,"MBY","PASCAL","Complete","drift","WCoastUSA","ST4300","1436","Spot","AB, AC",NA,NA,36.54101667,-127.5716667,2016-08-27 00:30:47,100,"R/V Shimada",2016-09-15 13:04:56,36.99042,-128.64151,"R/V Shimada","B-11",2,1,856050,2,"856065",2016-08-27 00:22:14,2016-09-15 13:04:14,"2","10",288,"Cory Hom-Weaver","good",0,288000,"PASCAL_009",NA,NA,NA,NA,"No NMS entered","Shannon Rankin","This is the SoundTrap used for the ADRIFT analysis","2 min for every 10",19.5237152777778,468.7
"130","PASCAL",10,"MND","PASCAL","Complete","drift","WCoastUSA","SM3M","SM3M #2","Spot","C, V",NA,"OT-5",39.24718333,-129.1932167,2016-08-27 17:45:53,100,"R/V Shimada",2016-09-16 04:22:18,39.1791,-129.75836,"R/V Shimada","B-2",2,1,856046,2,"856039",2016-08-27 17:44:06,2016-09-17 04:24:05,"Continuous",NA,256,"Cory Hom-Weaver","good",30,256000,"PASCAL_010",NA,NA,NA,NA,"No NMS entered","Shannon Rankin","SM3M recorders were set to record continuously, with each hour consisting of 29 2 min files at a 256 kHz sampling rate followed by one 2 min file at 96 kHz sampling rate (for cleaner ocean noise measurements. SM3M, banding throughout LTSA and recordings","Continuous",19.4419560185185,490.666388888889
"131","PASCAL",11,"ORE","PASCAL","Complete","drift","WCoastUSA","SM2Bat","SM2+Bat #2","Spot","J, K",NA,"SM2+",42.23778333,-129.8487333,2016-08-28 12:47:37,100,"R/V Shimada",2016-09-17 04:18:38,42.7939,-129.8728,"R/V Shimada","W-2",2,1,856019,2,"856023",2016-08-28 12:44:00,2016-09-17 04:18:00,"2","4",192,"Cory Hom-Weaver","compromised",250,96000,"PASCAL_011",NA,NA,NA,NA,"No NMS entered","Shannon Rankin","SM2Bat, banding throughout LTSA and recordings. No depth data","2 min for every 4",19.6465393518519,471.566666666667
"132","PASCAL",12,"COL","PASCAL","Complete","drift","WCoastUSA","ST4300","0774","Spot","AD, AE",NA,NA,45.26296667,-129.7797333,2016-08-29 09:10:25,100,"R/V Shimada",2016-09-17 19:55:07,45.36871,-129.07204,"R/V Shimada","B-12",2,1,856049,2,"856068",2016-08-29 09:01:46,2016-09-17 19:53:46,"2","10",288,"Cory Hom-Weaver","good",27,144000,"PASCAL_012",NA,NA,NA,NA,"No NMS entered","Shannon Rankin",NA,"2 min for every 10",19.4477083333333,466.866666666667
"133","PASCAL",13,"COL","PASCAL","Complete","drift","WCoastUSA","SM3M","SM3M #3","Spot","Gen-D, D",NA,"OT-6",46.22913333,-127.6061667,2016-08-29 20:51:57,100,"R/V Shimada",2016-09-18 04:00:12,46.32899,-128.11394,"R/V Shimada","B-3",2,1,856044,2,"856040",2016-08-29 20:50:05,2016-09-15 17:26:06,"2","2",256,"Cory Hom-Weaver","compromised",250,128000,"PASCAL_013",NA,NA,NA,NA,"No NMS entered","Shannon Rankin","SM3M recorders were set to record continuously, with each hour consisting of 29 2 min files at a 256 kHz sampling rate followed by one 2 min file at 96 kHz sampling rate (for cleaner ocean noise measurements)","2 min for every 2",19.2973958333333,404.600277777778
"134","PASCAL",14,"WAS","PASCAL","Unusable","drift","WCoastUSA","SM2Bat","SM2+Bat #3","Spot","L, M",NA,"SM2+",47.10786667,-125.6051167,2016-08-30 07:51:05,100,"R/V Shimada",2016-09-18 16:08:10,47.10995,-125.37518,"R/V Shimada","W-3",2,1,856027,2,"856022",2016-08-30 07:48:00,2016-09-18 16:10:00,"2","4",192,"Cory Hom-Weaver","unusable",NA,96000,"PASCAL_014",NA,NA,NA,NA,"No NMS entered","Shannon Rankin","Noisy; NOT usable. No depth data","2 min for every 4",19.3451967592593,464.366666666667
"135","PASCAL",15,"ORE","PASCAL","Complete","drift","WCoastUSA","ST4300","8025","Spot","AF, AG",NA,NA,43.68206667,-127.7441667,2016-08-31 07:11:05,100,"R/V Shimada",2016-09-16 20:27:05,41.63644,-129.2764,"R/V Shimada","B-13",2,1,856055,2,"856066",2016-08-31 07:11:39,2016-09-05 04:48:43,"2","2",288,"Cory Hom-Weaver","good",24,144000,"PASCAL_015",NA,NA,NA,NA,"No NMS entered","Shannon Rankin","Recorded continuously instead of duty-cycle","2 min for every 2",16.5527777777778,117.617777777778
"136","PASCAL",16,"HUM","PASCAL","Complete","drift","WCoastUSA","ST4300","4581","Spot","AH, AI",NA,"OT-7",40.81186667,-127.5371667,2016-09-01 13:20:15,100,"R/V Shimada",2016-09-20 23:57:07,39.43269,-127.61221,"R/V Shimada","B-14",2,1,856054,2,"856057",2016-09-01 13:22:02,2016-09-21 00:04:02,"2","10",288,"Cory Hom-Weaver","compromised",100,144000,"PASCAL_016",NA,NA,NA,NA,"No NMS entered","Shannon Rankin",NA,"2 min for every 10",19.4422685185185,466.7
"137","PASCAL",17,"PTA","PASCAL","Complete","drift","WCoastUSA","SM3M","SM3M #4","Spot","Gen-A, B",NA,NA,38.5191,-126.6401333,2016-09-02 03:55:42,100,"R/V Shimada",2016-09-21 23:11:20,36.51007,-124.621,"R/V Shimada","B-4",2,1,856041,2,"856043",2016-09-02 03:54:06,2016-09-21 23:14:00,"Continuous",NA,256,"Cory Hom-Weaver","compromised",105,128000,"PASCAL_017",NA,NA,NA,NA,"No NMS entered","Shannon Rankin","SM3M recorders were set to record continuously, with each hour consisting of 29 2 min files at a 256 kHz sampling rate followed by one 2 min file at 96 kHz sampling rate (for cleaner ocean noise measurements","Continuous",19.8025231481481,475.331666666667
"138","PASCAL",18,"MBY","PASCAL","Complete","drift","WCoastUSA","SM2Bat","SM2+Bat #4","Spot","N, O",NA,"SM2+",35.84186667,-124.9150833,2016-09-03 05:34:44,100,"R/V Shimada",2016-09-22 11:48:22,34.37835,-124.51677,"R/V Shimada","W-4",2,1,856026,2,"Unknown",2016-09-03 05:32:00,2016-09-22 11:50:00,"2","4",192,"Cory Hom-Weaver","good",0,96000,"PASCAL_018",NA,NA,NA,NA,"No NMS entered","Shannon Rankin","No depth data","2 min for every 4",19.2594675925926,462.3
"139","PASCAL",19,"CHI","PASCAL","Complete","drift","WCoastUSA","ST4300","0129","Spot","AJ, AK",NA,NA,33.2154,-123.1555333,2016-09-04 11:49:02,100,"R/V Shimada",2016-09-23 06:59:23,31.83393,-122.06117,"R/V Shimada","B-15",2,1,856047,2,"856062",2016-09-04 01:47:23,2016-09-23 06:59:22,"2","10",288,"Cory Hom-Weaver","good",46,144000,"PASCAL_019",NA,NA,NA,NA,"No NMS entered","Shannon Rankin",NA,"2 min for every 10",18.7988541666667,461.199722222222
"140","PASCAL",20,"CHI","PASCAL","Complete","drift","WCoastUSA","ST4300","0773","Spot","P, Q",NA,"OT-12",33.14258333,-118.9932,2016-09-06 01:35:28,100,"R/V Shimada",2016-09-29 05:07:18,33.73135,-120.94728,"R/V Shimada","B-6",2,1,856061,2,"856056",2016-09-07 02:37:11,2016-09-29 05:18:16,"2","10",288,"Cory Hom-Weaver","compromised",167,144000,"PASCAL_020",NA,NA,NA,NA,"No NMS entered","Shannon Rankin",NA,"2 min for every 10",23.1471064814815,530.684722222222
"141","PASCAL",21,"MOB","PASCAL","Complete","drift","WCoastUSA","ST4300","8505","Spot","T, U",NA,NA,35.29181667,-122.2448333,2016-09-04 00:05:17,100,"R/V Shimada",2016-09-25 10:03:07,36.0036,-122.56168,"R/V Shimada","B-8",2,1,856060,2,"856058",2016-09-03 23:54:34,2016-09-25 10:02:46,"2","10",288,"Cory Hom-Weaver","good",0,144000,"PASCAL_021",NA,NA,NA,NA,"MBNMS","Shannon Rankin","Sea Mount San Juan","2 min for every 10",21.415162037037,514.136666666667
"142","PASCAL",22,"SND","PASCAL","Complete","drift","WCoastUSA","ST4300","2634","Spot","F, G",NA,"OT-32",33.05618333,-120.98895,2016-09-05 06:45:44,100,"R/V Shimada",2016-09-28 17:04:08,34.24002,-120.95419,"R/V Shimada","B-5",2,1,856048,2,"856059",2016-09-05 06:46:25,2016-09-28 17:06:40,"2","10",288,"Cory Hom-Weaver","compromised",106,144000,"PASCAL_022",NA,NA,NA,NA,"CHNMS","Shannon Rankin","Sea Mount San Juan","2 min for every 10",23.4294444444444,562.3375
"143","PASCAL",23,"SND","PASCAL","Complete","drift","WCoastUSA","ST4300","8677","Spot","R, S",NA,"OT-42",33.0006,-121.0014,2016-09-24 01:37:36,100,"R/V Shimada",2016-09-28 00:54:00,33.10899,-120.92377,"R/V Shimada","B-7",2,1,856054,2,"856057",2016-09-24 00:37:42,2016-09-28 00:57:46,"2","2",288,"Cory Hom-Weaver","good",26,144000,"PASCAL_023",NA,NA,NA,NA,"No NMS entered","Shannon Rankin","Sea Mount San Juan","2 min for every 2",3.96972222222222,96.3344444444444
"144","PASCAL",24,"SND","PASCAL","Complete","drift","WCoastUSA","ST300","9174","Spot","X, Y",NA,"OT-52",33.07993333,-120.98435,2016-09-24 02:30:18,100,"R/V Shimada",2016-09-28 01:51:21,33.14318,-120.80576,"R/V Shimada","B-9",1,1,1678299174,NA,"n/a",2016-09-24 01:46:49,2016-09-28 02:11:14,"2","2",288,"Cory Hom-Weaver","good",0,144000,"PASCAL_024",NA,NA,NA,NA,"No NMS entered","Shannon Rankin","Sea Mount San Juan. This was a soundtrap on the same array but at depth. I've briefly scanned through the full bandwidth LTSA and the recordings look good. No noise log","2 min for every 2",3.97295138888889,96.4069444444444
"145","PASCAL",24,"SND","PASCAL","Complete","drift","WCoastUSA","ST4300","6538","Spot","X, Y",NA,"OT-52",33.07993333,-120.98435,2016-09-24 02:30:18,100,"R/V Shimada",2016-09-28 01:51:21,33.14318,-120.80576,"R/V Shimada","B-9",2,1,856052,2,"856063",2016-09-24 01:47:57,2016-09-28 02:09:43,"2","2",288,"Cory Hom-Weaver","good",0,144000,"PASCAL_024",NA,NA,NA,NA,"No NMS entered","Shannon Rankin","Recorded continuously insteado duty-cycle. Sea Mount San Juan","2 min for every 2",3.97295138888889,96.3627777777778
"146","PASCAL",25,"SND","PASCAL","Complete","drift","WCoastUSA","ST4300","1436","Spot","Z, AA",NA,NA,33.1353,-121.0613833,2016-09-24 04:08:38,100,"R/V Shimada",2016-09-28 02:38:48,33.1833,-120.74837,"R/V Shimada","B-10",2,1,856053,2,"856064",2016-09-24 04:09:39,2016-09-28 02:25:43,"2","2",288,"Cory Hom-Weaver","good",47,144000,"PASCAL_025",NA,NA,NA,NA,"No NMS entered","Shannon Rankin","Recorded continuously insteado duty-cycle. Sea Mount San Juan","2 min for every 2",3.93761574074074,94.2677777777778
"147","PASCAL",26,"CHI","PASCAL","Complete","drift","WCoastUSA","ST300","3689","Spot","AB, AC",NA,"OT-62",34.35036667,-121.0784,2016-09-24 15:16:01,250,"R/V Shimada",2016-09-26 04:19:07,34.08626,-120.84152,"R/V Shimada","B-11",1,1,201883689,NA,"n/a",2016-09-24 15:15:59,2016-09-26 04:22:03,"2","2",288,"Cory Hom-Weaver","good",0,144000,"PASCAL_026",NA,NA,NA,NA,"CHNMS","Shannon Rankin","Station 26 and 29 are on the same recorder. Data All Good. 2nd recorder was at 250m, Sea Mount Rodriguez. This was a soundtrap on the same array but at depth. I've briefly scanned through the full bandwidth LTSA and the recordings look good. No noise log","2 min for every 2",1.54381944444444,37.1011111111111
"148","PASCAL",26,"CHI","PASCAL","Complete","drift","WCoastUSA","ST4300","0774","Spot","AB, AC",NA,"OT-62",34.35036667,-121.0784,2016-09-24 15:16:01,100,"R/V Shimada",2016-09-26 04:19:07,34.08626,-120.84152,"R/V Shimada","B-11",2,1,856050,2,"856065",2016-09-24 15:15:28,2016-09-26 04:21:29,"2","2",288,"Cory Hom-Weaver","good",0,144000,"PASCAL_026",NA,NA,NA,NA,"CHNMS","Shannon Rankin","Recorded continuously insteado duty-cycle. Sea Mount Rodriguez","2 min for every 2",1.54381944444444,37.1002777777778
"149","PASCAL",27,"CHI","PASCAL","Complete","drift","WCoastUSA","ST4300","8025","Spot","AD, AE",NA,NA,34.05741667,-121.0491833,2016-09-24 15:49:32,100,"R/V Shimada",2016-09-26 03:52:20,34.10227,-120.85547,"R/V Shimada","B-12",2,1,856049,2,"856068",2016-09-24 15:49:50,2016-09-26 03:53:51,"2","2",288,"Cory Hom-Weaver","good",0,144000,"PASCAL_027",NA,NA,NA,NA,"CHNMS","Shannon Rankin","Station 27 and 30 are on the same recorder. Data All Good, Sea Mount Rodriguez","2 min for every 2",1.50194444444444,36.0669444444444
"150","PASCAL",28,"CHI","PASCAL","Complete","drift","WCoastUSA","ST4300","4581","Spot","AF, AG",NA,"OT-72",33.97393333,-120.9855667,2016-09-24 16:40:10,100,"R/V Shimada",2016-09-29 02:57:31,33.86065,-121.26205,"R/V Shimada","B-13",2,1,856055,2,"856066",2016-09-24 16:40:33,2016-09-29 03:38:00,"2","2",288,"Cory Hom-Weaver","good",0,144000,"PASCAL_028",NA,NA,NA,NA,"CHNMS","Shannon Rankin","Sea Mount Rodriguez","2 min for every 2",4.42871527777778,106.9575
"151","PASCAL",29,"CHI","PASCAL","Complete","drift","WCoastUSA","ST4300","0774","Spot","AB, AC",NA,"OT-62",34.05123333,-121.0512333,2016-09-26 05:40:28,100,"R/V Shimada",2016-09-28 14:16:43,33.96885,-120.87064,"R/V Shimada","B-11",2,1,856050,2,"856065",2016-09-26 05:39:29,2016-09-28 14:17:32,"2","2",288,"Cory Hom-Weaver","compromised",250,144000,"PASCAL_029",NA,NA,NA,NA,"CHNMS","Shannon Rankin","Station 29 is the redeployment of station 26 where the DASBR was picked up and redeployed without turning off the recorder. Data All Good. 2nd recorder was at 250m, Sea Mount Rodriguez","2 min for every 2",2.35850694444444,56.6341666666667
"152","PASCAL",29,"CHI","PASCAL","Complete","drift","WCoastUSA","ST300","3689","Spot","AB, AC",NA,"OT-62",34.05123333,-121.0512333,2016-09-26 05:40:28,250,"R/V Shimada",2016-09-28 14:16:43,33.96885,-120.87064,"R/V Shimada","B-11",1,1,201883689,NA,"n/a",2016-09-26 05:42:04,2016-09-28 14:18:11,"2","2",288,"Cory Hom-Weaver","good",0,144000,"PASCAL_029",NA,NA,NA,NA,"CHNMS","Shannon Rankin","Sea Mount Rodriguez. This was a soundtrap on the same array but at depth. I've briefly scanned through the full bandwidth LTSA and the recordings look good. No noise log","2 min for every 2",2.35850694444444,56.6019444444444
"153","PASCAL",30,"CHI","PASCAL","Complete","drift","WCoastUSA","ST4300","8025","Spot","AD, AE",NA,NA,34.03533333,-121.0779167,2016-09-26 06:07:42,100,"R/V Shimada",2016-09-28 15:12:32,34.01502,-120.86354,"R/V Shimada","B-12",2,1,856049,2,"856068",2016-09-26 06:07:52,2016-09-28 15:13:54,"2","2",288,"Cory Hom-Weaver","good",0,144000,"PASCAL_030",NA,NA,NA,NA,"CHNMS","Shannon Rankin","Station 30 is the redeployment of station 27 where the DASBR was picked up and redeployed without turning off the recorder. Data All Good, Sea Mount Rodriguez","2 min for every 2",2.37835648148148,57.1005555555556
"154","OPPS",1,"MBY","CCC","Complete","drift","WCoastUSA","ST4300HF","5296",NA,NA,NA,NA,35.498717,-121.144633,2022-06-22 00:18:00,50,"R/V Fulmar",2022-06-22 00:42:00,35.498183,-121.143267,"R/V Fulmar","S01_9299",2,1,856143,2,"856153",2022-06-22 00:21:00,2022-06-22 00:42:00,"Continuous",NA,384,NA,"compromised",NA,NA,"OPPS_01","No",NA,NA,NA,"22306","CHNMS","Shannon Rankin, Cory Hom-Weaver, Anne Simonis","Continuous",0.0166666666666667,0.35
"155","OPPS",2,"MBY","CCC","Complete","drift","WCoastUSA","ST4300HF","5296",NA,NA,NA,NA,35.494822,-121.137667,2022-06-22 17:10:00,50,"R/V Fulmar",2022-06-22 17:47:00,35.308398,-121.09791,"R/V Fulmar","S01_9299",2,1,856143,2,"856153",2022-06-22 17:10:00,2022-06-22 17:47:00,"Continuous",NA,384,NA,"compromised",NA,NA,"OPPS_02","No",NA,NA,NA,"22306","CHNMS","Shannon Rankin, Cory Hom-Weaver, Anne Simonis","Continuous",0.0256944444444444,0.616666666666667
"156","OPPS",3,"MBY","CCC","Complete","drift","WCoastUSA","ST4300HF","5296",NA,NA,NA,NA,35.544517,-121.200317,2022-06-22 18:11:00,50,"R/V Fulmar",2022-06-22 18:39:00,35.326032,-121.121383,"R/V Fulmar","S01_9299",2,1,856143,2,"856153",2022-06-22 18:11:00,2022-06-22 18:39:00,"Continuous",NA,384,NA,"compromised",NA,NA,"OPPS_03","No",NA,NA,NA,"22306","CHNMS","Shannon Rankin, Cory Hom-Weaver, Anne Simonis","Continuous",0.0194444444444444,0.466666666666667
"157","OPPS",5,"MBY","CCC","Complete","drift","WCoastUSA","ST640","6655",NA,NA,NA,"16409",35.407267,-121.039467,2022-06-22 21:43:00,100,"R/V Fulmar",2022-06-22 22:23:00,35.378467,-121.043917,"R/V Fulmar","V01_9299",2,1,856138,2,"856151",2022-06-22 21:23:00,2022-06-22 21:43:00,"Continuous",NA,384,NA,"compromised",NA,NA,"OPPS_05","No",NA,NA,NA,"22306","CHNMS","Shannon Rankin, Cory Hom-Weaver, Anne Simonis","Continuous",0.0277777777777778,0.333333333333333
"158","OPPS",7,"MBY","CCC","Complete","drift","WCoastUSA","ST640","6655",NA,NA,NA,"16409",35.3521,-121.232783,2022-06-23 18:00:00,100,"R/V Fulmar",2022-06-23 18:19:00,35.3682,-121.232933,"R/V Fulmar","V01_9299",2,1,856138,2,"856151",2022-06-23 18:00:00,2022-06-23 18:19:00,"Continuous",NA,384,NA,"compromised",NA,NA,"OOPS_07","No",NA,NA,NA,"22306","CHNMS","Shannon Rankin, Cory Hom-Weaver, Anne Simonis","Continuous",0.0131944444444444,0.316666666666667
"159","OPPS",8,"MBY","CCC","Complete","drift","WCoastUSA","ST640","6655",NA,NA,NA,"16409",35.045217,-121.706683,2022-06-23 20:20:00,0,"R/V Fulmar",2022-06-23 21:08:00,35.046767,-120.702133,"R/V Fulmar","V01_9299",2,1,856138,2,"856151",2022-06-23 20:03:13,2022-06-23 21:10:43,"Continuous",NA,384,NA,"compromised",NA,NA,"OPPS_08","No",NA,NA,NA,"22306","CHNMS","Shannon Rankin, Cory Hom-Weaver, Anne Simonis","Continuous",0.0333333333333333,1.125
"160","OPPS",10,"MBY","CCC","Complete","drift","WCoastUSA","ST640","6655",NA,NA,NA,"16409",35.044917,-120.70735,2022-06-24 19:59:00,0,"R/V Fulmar",2022-06-24 20:40:00,35.026444,-120.425762,"R/V Fulmar","V01_9299",2,1,856138,2,"856151",2022-06-24 19:59:00,2022-06-24 20:40:00,"Continuous",NA,384,NA,"compromised",NA,NA,"OPPS_10","No",NA,NA,NA,"22306","CHNMS","Shannon Rankin, Cory Hom-Weaver, Anne Simonis","Continuous",0.0284722222222222,0.683333333333333
"161","OPPS",11,"MBY","CCC","Complete","drift","WCoastUSA","ST4300HF","5991",NA,NA,NA,NA,35.119767,-120.845,2022-06-24 21:57:00,50,"R/V Fulmar",2022-06-24 22:27:00,35.11805,-120.843333,"R/V Fulmar","S01_9299",2,1,856143,2,"856153",2022-06-24 22:02:00,2022-06-24 22:27:00,"Continuous",NA,384,NA,"compromised",NA,NA,"OPPS_11","No",NA,NA,NA,"22306","CHNMS","Shannon Rankin, Cory Hom-Weaver, Anne Simonis","Continuous",0.0208333333333333,0.416666666666667
"162","OPPS",12,"SFB","ACCESS","Complete","drift","WCoastUSA","ST640","6671","SPOT and solar gps","K/AF/SO-506","30/60","16528",37.95684,-123.57486,2022-07-30 20:00:00,100,"R/V Fulmar",2022-07-30 20:30:00,37.95846,-123.57398,"R/V Fulmar","N01_92NA96",2,1,856117,2,"856118",2022-07-30 20:00:00,2022-07-30 20:17:00,"Continuous",NA,384,NA,NA,NA,NA,"OPPS_012","No","10",NA,NA,NA,"CBNMS","Anne Simonis","Continuous",0.0208333333333333,0.283333333333333
"163","OPPS",13,"MBY","CCC","Complete","drift","WCoastUSA","ST640","7518",NA,NA,NA,"16597/16549",35.4325,-121.2925,2023-03-12 19:57:00,100,"R/V Shearwater",2023-03-12 20:33:00,35.47388889,-121.2358333,"R/V Shearwater","S01_9299",2,1,856143,2,"856153",NA,NA,"6","6",384,NA,NA,NA,NA,"OPPS_13","No","10",NA,NA,"22306","CHNMS","Anne Simonis, Shannon Rankin, Cory Hom-Weaver, Kaitlin Palmer, Kourtney Burger, & Shearwater crew","6 min for every 6",0.025,NA
"164","OPPS",15,"MBY","ADRIFT","Complete","drift","WCoastUSA","ST640","7518","Solar","SO-082",NA,"16549/16583",35.6299,-121.754417,2023-07-15 21:40:00,100,"R/V Fulmar",2023-07-15 22:23:00,35.193783,-121.335283,"R/V Fulmar","S01_9299",2,1,856143,2,"856153",NA,NA,"6","6",384,NA,NA,NA,NA,"OPPS_015","No","No","No",NA,"22306","CHNMS","Cory Hom-Weaver","6 min for every 6",0.0298611111111111,NA
"165","OPPS",16,"MBY","CCC","Complete","drift","WCoastUSA","ST640","7936","Solar","SO-777",NA,"16528/16636",35.631223,-121.79173,2023-11-06 18:07:00,100,"R/V Shearwater",2023-11-06 18:34:00,35.627224,-121.779069,"R/V Shearwater","S01_9299",2,1,856143,2,"856153",2023-11-06 18:06:00,2023-11-06 18:42:00,"6","6",384,NA,"unverified",NA,NA,"OPPS_16","No","10",NA,NA,"22306",NA,"Anne Simonis, Shannon Rankin, Kourtney Burger, Kaitlin Palmer, & Shearwater crew","6 min for every 6",0.01875,0.6
