Project,DeploymentID,Site,Cruise,Status,Platform,Region,Type,Instrument_ID,GPS_Tracker,GPS_ID,GPS_Timing,Depth_Sensor,Deployment_Latitude,Deployment_Longitude,Deployment_Date,"Deployment_Depth_m
",Deploy_Vessel,Recovery_Date,Recovery_Latitude,Recovery_Longitude,Retrieve_Vessel,Array_name,Number_of_Sensors,ChannelNumber_1,SensorNumber_1,ChannelNumber_2,SensorNumber_2,ChannelNumber_3,SensorNumber_3,PreAmp_ID,Data_Start,Data_End,RecordingDuration_m,RecordingInterval_m,SampleRate_kHz,Quality_Analyst,Quality_Category,Quality_LowFreq,Quality_HighFreq,Data_ID,High Pass Filter,Detector,Threshold,Integration Time,Blanking Time,Store Snippets,Snippet pre-trig,Snippet post-trig,Pressure,Acceleration,Temperature,Log GPS,Disable Calibration Tones,Weight Retrieval System,Acoustic Release Number,Enable Code,Anode Length,Number of SUD files,Known Takes,SanctuaryPermit,Personnel,Notes
ADRIFT,1,HUM,MBARI,Complete,drift,WCoastUSA,ST4300HF,5987,SPOT,R/S,30/60,16396,41.07169,-124.35431,8/22/2021 17:53:00,100,R/V Western Flyer,9/4/2021 19:53:00,41.19933,-124.35431,F/V Scrimshaw,W01_9299,2,1,856135,2,856147,3,NA,NA,8/22/2021 18:59:59,8/29/2021 9:30:30,6,12,384,Cory Hom-Weaver,compromised,50,384000,ADRIFT_001,NA,No,NA,NA,NA,NA,NA,NA,No,10,10,No,Yes,NA,NA,NA,NA,,,,,
ADRIFT,2,HMB,ACCESS,Complete,drift,WCoastUSA,ST4300HF,5296,SPOT,X/Y,30/60,15712,37.38445,-122.39095,6/9/2021 18:38:00,100,R/V Fullmar,6/29/2021 23:58:00,36.97772,-124.24507,R/V Shimada,K01_9296,2,1,856097,2,856059,3,0,NA,6/9/2021 18:12:23,6/16/2021 22:48:53,6,6,384,Cory Hom-Weaver,compromised,25,384000,ADRIFT_002,NA,No,NA,NA,NA,NA,NA,NA,No,10,10,No,Yes,NA,NA,NA,NA,,,,"Shannon Rankin, Anne Simonis","Actually continuous recording, previously labeled as 6/12 duty cycle. 6 second gaps between recordings"
ADRIFT,3,SFB,ACCESS,Complete,drift,WCoastUSA,ST4300HF,1208786975,SPOT,E/AH,30/60,15720,37.96585,-123.50412,7/25/2021 18:33:00,100,R/V Fullmar,8/3/2021 16:04:00,38.03326,-123.47699,R/V Mussel Point,P01_9296,2,1,856122,2,NA,3,856121,NA,7/25/2021 18:35:58,8/3/2021 16:32:07,6,12,384,Cory Hom-Weaver,compromised,50,384000,ADRIFT_003,NA,No,NA,NA,NA,NA,NA,NA,No,10,10,No,Yes,NA,NA,NA,NA,,,CBNMS,Cordell Bank National Marine Sanctuary,Grounded on Cordell Bank 7/27/2021 at 10:30
ADRIFT,4,HUM,CPS,Lost,drift,WCoastUSA,ST4300HF,5988,SPOT,A/B,30/60,16627,41.84475,-125.0939,7/31/2021 0:00:00,100,R/V Lasker,NA,NA,NA,NA,K01_9296,2,1,856097,2,856059,3,NA,NA,NA,NA,6,12,384,NA,unusable,NA,NA,ADRIFT_004,NA,,,,,,,,,,, ,,,,,,,,,,
ADRIFT,5,SFB,ACCESS,Complete,drift,WCoastUSA,ST4300HF,1208786975,SPOT,K/AF,30/60,15815,37.64012,-123.31702,6/10/2021 18:30:00,100,R/V Fullmar,6/24/2021 16:51:00,37.35722,-123.40192,R/V Fulmar,P01_9296,2,1,856122,2,NA,3,856121,NA,6/10/2021 18:30:41,6/22/2021 21:21:24,6,12,384,Cory Hom-Weaver,compromised,30,384000,ADRIFT_005,NA,No,NA,NA,NA,NA,NA,NA,No,10,10,No,Yes,NA,NA,NA,NA,,,,"Shannon Rankin, Anne Simonis","Duty cycle seems to change; Check to see if all files actually copied over. Duty cycle changes. First 9 wav files have 7 second gap, then the rest are 6 minutes on, 6 minutes. The final 8 files have anywhere from .3 hour - 8.4 hour gaps"
ADRIFT,6,SFB,ACCESS,Complete,drift,WCoastUSA,ST4300HF,5318,SPOT,K/AF,30/60,15815,38.12932,-123.54153,7/25/2021 19:11:00,100,R/V Fullmar,7/28/2021 22:24:00,38.12057,-123.31761,F/V Karen Jeanne,M01_9296,2,1,856116,2,NA,3,856120,NA,7/25/2021 19:11:59,7/28/2021 22:05:59,6,12,384,Cory Hom-Weaver,compromised,50,384000,ADRIFT_006,NA,No,NA,NA,NA,NA,NA,NA,No,10,10,No,Yes,NA,NA,NA,NA,,,CBNMS,Dick Ogg,Removed Blue Oceans buoy to attempt to reduce noise
ADRIFT,7,SFB,ACCESS,Complete,drift,WCoastUSA,ST4300HF,5318,SPOT,E/AH,30/60,15720,37.84347,-123.4218,6/10/2021 16:49:00,100,R/V Fullmar,6/24/2021 15:46:00,37.69527,-123.35722,R/V Fulmar,M01_9296,2,1,856116,2,NA,3,856120,NA,6/10/2021 17:33:22,6/24/2021 10:00:08,6,12,384,Cory Hom-Weaver,compromised,30,384000,ADRIFT_007,NA,No,NA,NA,NA,NA,NA,NA,No,10,10,No,Yes,NA,NA,NA,NA,,,"CBNMS, GFNMS, MBNMS","Shannon Rankin, Anne Simonis",DASBR included Blue Oceans test buoy
ADRIFT,8,HMB,ACCESS,Lost,drift,WCoastUSA,ST4300HF,5297,SPOT,A/B,30/60,15756,37.13713,-122.96428,6/9/2021 0:00:00,100,R/V Fullmar,NA,NA,NA,NA,O01_9296,2,1,1,2,0,3,3,NA,NA,NA,6,12,384,NA,unusable,NA,NA,ADRIFT_008,NA,No,NA,NA,NA,NA,NA,NA,No,10,10,No,Yes,NA,NA,NA,NA,,,,,Lost at sea (not retrieved)
ADRIFT,9,HUM,THL,Sunk,drift,WCoastUSA,ST4300HF,5985,SPOT,G/F,30/60,16835,41.03417,-124.29747,9/8/2021 6:00:00,100,R/V Coral Sea,NA,NA,NA,R/V Fairweather,Y01_9299,2,1,856134,2,856146,3,NA,NA,NA,NA,6,12,384,NA,unusable,NA,NA,ADRIFT_009,NA,No,NA,NA,NA,NA,NA,NA,No,10,10,No,Yes,NA,NA,NA,NA,,,,,Acoustic array lost at sea. High flyer with spots recovered. Rope near surface buoy snapped upon retrieval
ADRIFT,10,SFB,ACCESS,Sunk,drift,WCoastUSA,ST4300HF,1208786975,SPOT,E/AH,30/60,15815,37.80386,-123.38908,9/25/2021 20:56:00,50,R/V Fullmar,10/14/2021 0:00:00,35.94354,-123.39748,R/V Zephyr,M01_9296,2,1,856116,2,NA,3,856120,NA,NA,NA,6,12,384,NA,unusable,NA,NA,ADRIFT_010,NA,No,NA,NA,NA,NA,NA,NA,No,10,10,No,Yes,NA,NA,NA,NA,,,"CBNMS, GFNMS",,
ADRIFT,11,SFB,ACCESS,Sunk,drift,WCoastUSA,ST4300HF,5318,SPOT,K/AF,30/60,15720,37.640683,-123.1331,9/25/2021 19:36:00,50,R/V Fullmar,10/15/2021 0:00:00,36.65655,-123.5215,R/V Fairweather,P01_9296,2,1,856122,2,NA,3,856121,NA,NA,NA,6,12,384,NA,unusable,NA,NA,ADRIFT_011,NA,No,NA,NA,NA,NA,NA,NA,No,10,10,No,Yes,NA,NA,NA,NA,,,GFNMS,,
ADRIFT,12,HUM,CS220117,Complete,drift,WCoastUSA,ST4300HF,5992,SPOT,E/AH,30/60,15865,41.03348,-124.43,1/18/2022 3:16:00,100,R/V Coral Sea,1/23/2022 18:52:00,40.86609,-124.86101,F/V Schrimshaw,D02_9299,2,1,856162,2,856168,NA,NA,NA,1/18/2022 3:42:19,1/21/2022 19:39:12,Continuous,NA,384,Kourtney Burger,compromised,30,192000,ADRIFT_012,NA,No,NA,NA,NA,NA,NA,NA,No,10,10,No,Yes,NA,NA,NA,NA,,NA,NA,Blair Winnacott,"Recorder battery died earlier than expected. Data has unexpected gaps (4 seconds - 6 minutes) throughout recording, see Gaps.txt in metadata folder for list"
ADRIFT,13,MOB,CALCOFI-2204SH,Complete,drift,WCoastUSA,ST640,6655,SPOT,AG/Big B/Rock 7,30/60,16546,36.049917,-122.031117,4/23/2022 20:16:00,100,R/V Shimada,5/5/2022 16:17:00,34.99745,-122.2717,R/V Marcus G. Langseth,E02_9299,2,1,856163,2,856171,NA,NA,NA,4/23/2022 20:44:52,5/4/2022 20:36:02,Continuous,NA,384,Cory Hom-Weaver,compromised,1000,192000,ADRIFT_013,NA,No,NA,NA,NA,NA,NA,NA,,10,,,Yes,NA,NA,NA,NA,,NA,MBNMS,Amy Hayes,"Banging noise in lower frequencies, one 23 minute gap in recording"
ADRIFT,14,MOB,CALCOFI-2204SH,Sunk,drift,WCoastUSA,ST640,6669,SPOT,AD/U,30/60,15741,36.062133,-122.013633,4/22/2022 0:00:00,100,R/V Shimada,NA,NA,NA,,I02_9299,2,1,856160,2,856174,,NA,NA,NA,NA,Continuous,NA,384,Kourtney Burger,unusable,NA,NA,ADRIFT_014,NA,No,NA,NA,NA,NA,NA,NA,,,,,Yes,NA,NA,NA,NA,,NA,MBNMS,Amy Hayes,
ADRIFT,15,SFB,ACCESS,Complete,drift,WCoastUSA,ST640,6668,SPOT and solar gps,K/AF/ROCK 7,30/60,15801,37.9643,-123.5039,6/18/2022 7:48:00,100,R/V Shimada,6/21/2022 6:39:00,37.67826,-123.35202,R/V Shimada,K02_9299,2,1,856154,2,856170,NA,NA,NA,6/18/2022 8:07:12,6/21/2022 6:14:36,Continuous,NA,384,Cory Hom-Weaver,compromised,6000,192000,ADRIFT_015,NA,No,NA,NA,NA,NA,NA,NA, ,No, ,No,Yes,NA,NA,NA,NA,,NA,GFNMS / CBNMS,"Jan Roletto, Dani Lipske",ACCESS Cruise delayed due to bad weather; rocker stopper was loose resulting in constant noise throughout deployment.
ADRIFT,16,SFB,ACCESS,Unusable,drift,WCoastUSA,ST640,6671,SPOT,G/F,30/60,16528,37.80117,-123.38492,6/16/2022 22:37:00,100,R/V Shimada,6/21/2022 3:25:00,37.37138,-123.27409,R/V Shimada,N01_92NA96,2,1,856117,2,856118,NA,NA,NA,NA,NA,Continuous,NA,288,Kourtney Burger,unusable,NA,NA,ADRIFT_016,NA,No,NA,NA,NA,NA,NA,NA,No,No,No,No,Yes,NA,NA,NA,NA,,NA,GFNMS / MBNMS,"Jan Roletto, Dani Lipske",ACCESS Cruise delayed due to bad weather; ST6671 was not recognized as ST640 upon deployment and never started recording
ADRIFT,17,HUM,Scrimshaw,Complete,drift,WCoastUSA,ST4300HF,5987,SPOT and solar gps,E/AH,30/60,15518,41.05788,-124.48456,4/25/2022 15:36:00,100,F/V Scrimshaw,4/28/2022 19:17:00,40.69507,-124.52717,F/V Scrimshaw,D02_9299,2,1,856162,2,856168,NA,NA,NA,4/25/2022 18:59:59,4/28/2022 19:22:16,Continuous,NA,384,Cory Hom-Weaver,good,80,192000,ADRIFT_017,NA,No,NA,NA,NA,NA,NA,NA,No,10,10,No,Yes,NA,NA,NA,NA,,NA,NA,Blair Winnacott,Testing solar gps unit. Strumming through whole drift LF noise
ADRIFT,18,HUM,Scrimshaw,Complete,drift,WCoastUSA,ST4300HF,5989,SPOT,R/S,30/60,15817,41.05201,-124.54956,4/25/2022 16:12:00,100,F/V Scrimshaw,4/28/2022 20:18:00,40.5795,-124.86624,F/V Scrimshaw,C02_9299,2,1,856155,2,856166,NA,NA,NA,4/25/2022 19:59:58,4/28/2022 20:22:15,Continuous,NA,384,Cory Hom-Weaver,good,80,192000,ADRIFT_018,NA,No,NA,NA,NA,NA,NA,NA,No,10,10,No,Yes,NA,NA,NA,NA,,NA,NA,Blair Winnacott,
ADRIFT,19,MBY,CCC,Complete,drift,WCoastUSA,ST640,6673,SPOT and solar gps,M/N / S0-638,30/60/30,16549,35.798267,-122.190733,6/21/2022 16:24:00,100,R/V Fulmar,6/25/2022 22:14:00,35.977217,-122.047467,R/V Fulmar,L02_9299,2,1,856157,2,856169,NA,NA,NA,6/21/2022 16:15:00,6/25/2022 22:14:42,Continuous,NA,384,Cory Hom-Weaver,compromised,300,192000,ADRIFT_019,NA,No,NA,NA,NA,NA,NA,NA,No,10,,No,Yes,NA,NA,NA,NA,,NA,NA,"Shannon Rankin, Cory Hom-Weaver, Anne Simonis",CCC Pilot Project. LF recordings are noisy but probably usable for some species 
ADRIFT,20,MBY,CCC,Complete,drift,WCoastUSA,ST640,6666,Solar,SO-135,30,16647,35.8005,-122.088867,6/21/2022 16:51:00,100,R/V Fulmar,6/25/2022 18:06:00,35.612433,-121.9225,R/V Fulmar,A02_9299,2,1,856156,2,856167,NA,NA,NA,6/21/2022 16:45:00,6/25/2022 17:52:13,Continuous,NA,384,Cory Hom-Weaver,compromised,400,192000,ADRIFT_020,NA,No,NA,NA,NA,NA,NA,NA,No,10,,No,Yes,NA,NA,NA,NA,,NA,NA,"Shannon Rankin, Cory Hom-Weaver, Anne Simonis",CCC Pilot Project. Rocker stopper moved a lot. Noisy in LF and towards the end of the drift. 
ADRIFT,21,MBY,CCC,Complete,drift,WCoastUSA,ST640,6670,Solar,SO-798,30,16597,35.80185,-121.984017,6/21/2022 17:15:00,100,R/V Fulmar,6/25/2022 18:30:00,35.623483,-121.823783,R/V Fulmar,F02_9299,2,1,856164,2,856175,NA,NA,NA,6/21/2022 17:07:29,6/25/2022 18:37:12,Continuous,NA,384,Cory Hom-Weaver,compromised,800,192000,ADRIFT_021,NA,No,NA,NA,NA,NA,NA,NA,No,10,,No,Yes,NA,NA,NA,NA,,NA,NA,"Shannon Rankin, Cory Hom-Weaver, Anne Simonis",CCC Pilot Project. Rocker stopper was lose and banging around through the whole deployment. Noise is mostly in the lower frequencies 
ADRIFT,22,MBY,CCC,Complete,drift,WCoastUSA,ST640,6667,Solar,SO-359,30,16595,35.80385,-121.877383,6/21/2022 17:46:00,100,R/V Fulmar,6/25/2022 16:51:00,35.49745,-122.023217,R/V Fulmar,H02_9299,2,1,856159,2,856177,NA,NA,NA,6/21/2022 17:37:30,6/25/2022 16:52:16,Continuous,NA,384,Cory Hom-Weaver,compromised,1500,192000,ADRIFT_022,NA,No,NA,NA,NA,NA,NA,NA,No,10,,No,Yes,NA,NA,NA,NA,,NA,NA,"Shannon Rankin, Cory Hom-Weaver, Anne Simonis",CCC Pilot Project. Rocker stopper moved a lot. Lots of noise in the lower frequencies but broadband noise in the LTSA goes up pretty high (100kHz or so )
ADRIFT,23,MBY,CCC,Complete,drift,WCoastUSA,ST640,6665,SPOT and solar gps,P/Q/SO-506,30/60/30,16408,35.713917,-122.1861,6/21/2022 19:11:00,100,R/V Fulmar,6/25/2022 21:26:00,35.843,-121.88,R/V Fulmar,X01_9299,2,1,856140,2,856150,NA,NA,NA,6/21/2022 18:52:29,6/25/2022 21:29:41,Continuous,NA,384,Cory Hom-Weaver,compromised,800,192000,ADRIFT_023,NA,No,NA,NA,NA,NA,NA,NA,No,10,,No,Yes,NA,NA,NA,NA,,NA,NA,"Shannon Rankin, Cory Hom-Weaver, Anne Simonis",CCC Pilot Project. LF recordings are noisy. Something hitting HP
ADRIFT,24,MBY,CCC,Complete,drift,WCoastUSA,ST640,6664,Solar,SO-919,30,16536,35.71575,-122.085283,6/21/2022 19:36:00,100,R/V Fulmar,6/25/2022 20:13:00,35.7206,-122.108667,R/V Fulmar,E02_9299,2,1,856163,2,856171,NA,NA,NA,6/21/2022 19:29:59,6/25/2022 20:14:42,Continuous,NA,384,Cory Hom-Weaver,good,65,192000,ADRIFT_024,NA,No,NA,NA,NA,NA,NA,NA,No,10,,No,Yes,NA,NA,NA,NA,,NA,NA,"Shannon Rankin, Cory Hom-Weaver, Anne Simonis",CCC Pilot Project
ADRIFT,25,MBY,CCC,Complete,drift,WCoastUSA,ST640,6672,Solar,SO-082,30,16656,35.715583,-121.981633,6/21/2022 20:01:00,100,R/V Fulmar,6/25/2022 17:21:00,35.541283,-122.025417,R/V Fulmar,Z01_9299,2,1,856135,2,856148,NA,NA,NA,6/21/2022 19:44:59,6/25/2022 17:29:42,Continuous,NA,384,Cory Hom-Weaver,good,10,192000,ADRIFT_025,NA,No,NA,NA,NA,NA,NA,NA,No,10,,No,Yes,NA,NA,NA,NA,,NA,NA,"Shannon Rankin, Cory Hom-Weaver, Anne Simonis",CCC Pilot Project
ADRIFT,26,MBY,CCC,Complete,drift,WCoastUSA,ST640,6663,SPOT and solar gps,AE/FB/ SO-692,30/60/30,16658,35.715583,-121.876783,6/21/2022 20:36:00,100,R/V Fulmar,6/25/2022 20:47:00,35.753433,-122.014633,R/V Fulmar,B02_9299,2,1,856165,2,856173,NA,NA,NA,6/21/2022 20:22:29,6/25/2022 20:44:44,Continuous,NA,384,Kourtney Burger,compromised,20000,192000,ADRIFT_026,NA,No,NA,NA,NA,NA,NA,NA,No,10,,No,Yes,NA,NA,NA,NA,,NA,NA,"Shannon Rankin, Cory Hom-Weaver, Anne Simonis","CCC Pilot Project. Rocker stopper moved and caused a ton of noise. Not sure if the recordings are usable in the higher frequencies. Won't work for baleen whales. Included in package for NCEI, visible dolphins in upper frequencies"
ADRIFT,27,SFB,ACCESS,Complete,drift,WCoastUSA,ST640,6671,SPOT and solar gps,K/AF/SO-506 ,30/60,16528,37.90122,-123.4428,7/26/2022 18:27:00,100,R/V Fulmar,7/30/2022 18:38:00,37.68333,-123.7762,R/V Fulmar,N01_92NA96,2,1,856117,2,856118,NA,NA,NA,7/26/2022 18:37:12,7/30/2022 18:14:25,Continuous,NA,384,Cory Hom-Weaver,good,50,192000,ADRIFT_027,NA,No,NA,NA,NA,NA,NA,NA,No,10,NA,No,Yes,NA,NA,NA,NA,,NA,CBNMS,"Jan Roletto, Dani Lipske",
ADRIFT,28,SFB,ACCESS,Complete,drift,WCoastUSA,ST640,6668,SPOT and solar gps,G/F/SO-082,30/60,15801,37.88748,-123.3764,7/26/2022 17:05:00,100,R/V Fulmar,7/30/2022 18:24:00,37.71733,-123.7965,R/V Fulmar,K02_9299,2,1,856154,2,856170,NA,NA,NA,7/26/2022 17:29:47,7/30/2022 20:20:32,Continuous,NA,384,Cory Hom-Weaver,good,30,192000,ADRIFT_028,NA,No,NA,NA,NA,NA,NA,NA,No,10,NA,No,Yes,NA,NA,NA,NA,,NA,GFNMS / CBNMS,"Jan Roletto, Dani Lipske",
ADRIFT,29,HUM,Scrimshaw,Sunk,drift,WCoastUSA,ST4300HF,5989,SPOT,E/AH,30/60,15817,41.13138,-124.4402,7/28/2022 16:10:00,100,F/V Scrimshaw,8/1/2022 22:47:00,40.94754,-124.3201,F/V Scrimshaw,L01_9296,2,1,856049,2,856068,NA,NA,NA,NA,NA,Continuous,NA,384,Kourtney Burger,unusable,NA,NA,ADRIFT_029,NA,No,NA,NA,NA,NA,NA,NA,No,10,10,No,Yes,NA,NA,NA,NA,,NA,NA,Blair Winnacott,2 humpbacks and 1 female elephant seal spotted further inshore. Polytron line was cut and acoustic array was sunk.
ADRIFT,30,HUM,Scrimshaw,Complete,drift,WCoastUSA,ST4300HF,5987,Solar,Solar,30,15518,41.12946,-124.54122,7/28/2022 16:25:00,100,F/V Scrimshaw,8/1/2022 21:32:00,41.04706,-125.02628,F/V Scrimshaw,G02_9299,2,1,856161,2,856176,NA,NA,NA,7/28/2022 18:59:58,8/1/2022 11:29:40,Continuous,NA,384,Cory Hom-Weaver,good,50,192000,ADRIFT_030,NA,No,NA,NA,NA,NA,NA,NA,No,10,10,No,Yes,NA,NA,NA,NA,,NA,NA,Blair Winnacott,Solar GPS used and worked well.
ADRIFT,31,HUM,Scrimshaw,Complete,drift,WCoastUSA,ST4300HF,5984,SPOT,J/L,30/60,16396,41.13133,-124.6411,7/28/2022 16:45:00,100,F/V Scrimshaw,8/1/2022 21:30:00,41.08246,-125.01656,F/V Scrimshaw,C02_9299,2,1,856155,2,856166,NA,NA,NA,7/28/2022 18:59:58,8/1/2022 8:52:13,Continuous,NA,384,Cory Hom-Weaver,good,50,192000,ADRIFT_031,NA,No,NA,NA,NA,NA,NA,NA,No,10,10,No,Yes,NA,NA,NA,NA,,NA,NA,Blair Winnacott,
ADRIFT,32,HUM,THL,Complete,drift,WCoastUSA,ST4300HF,5987,Solar,SO-001,30,16396,41.05022,-124.5336,9/13/2022 5:24:00,100,R/V Coral Sea,9/15/2022 18:07:00,41.35018,-124.54007,F/V Scrimshaw,C02_9299,2,1,856155,2,856166,NA,NA,NA,9/13/2022 6:59:57,9/15/2022 18:14:45,Continuous,NA,384,Cory Hom-Weaver,good,30,192000,ADRIFT_032,NA,No,NA,NA,NA,NA,NA,NA,No,10,10,No,Yes,NA,NA,NA,NA,,NA,NA,Blair Winnacott,earthquake! 
ADRIFT,33,HUM,THL,Complete,drift,WCoastUSA,ST4300HF,5984,Solar,SO-798,30,15865,41.05015,-124.4334,9/13/2022 4:26:00,100,R/V Coral Sea,9/15/2022 17:35:00,41.45931,-124.44917,F/V Scrimshaw,D02_9299,2,1,856162,2,856168,NA,NA,NA,9/13/2022 4:44:57,9/15/2022 17:29:45,Continuous,NA,384,Cory Hom-Weaver,compromised,250,192000,ADRIFT_033,NA,No,NA,NA,NA,NA,NA,NA,No,10,10,No,Yes,NA,NA,NA,NA,,NA,NA,Blair Winnacott,"persistent knocking (<2kHz), Tons of sperm whales"
ADRIFT,34,SFB,ACCESS,Complete,drift,WCoastUSA,ST640,6668,SPOT and solar gps,F/G/SO-082,30,16528,38.047517,-123.561683,9/27/2022 17:43:00,100,R/V Fulmar,10/1/2022 16:45:00,38.33218,-123.45027,R/V Fulmar,K02_9299,2,1,856154,2,856170,NA,NA,NA,9/27/2022 18:37:14,10/1/2022 15:59:35,Continuous,NA,384,Cory Hom-Weaver,good,50,192000,ADRIFT_034,NA,No,NA,NA,NA,NA,NA,NA,No,10,NA,No,Yes,NA,NA,NA,NA,,NA,GFNMS / CBNMS,"Jan Roletto, Dani Lipske",Tons of singing humpbacks
ADRIFT,35,SFB,ACCESS,Unusable,drift,WCoastUSA,ST640,6671,SPOT and solar gps,K/AF/SO-506,30,15801,38.130383,-123.530033,9/26/2022 17:55:00,100,R/V Fulmar,10/1/2022 18:00:00,38.04729,-123.41403,R/V Fulmar,N01_92NA96,2,1,856117,2,856118,NA,NA,NA,NA,NA,Continuous,NA,384,Kourtney Burger,unusable,NA,NA,ADRIFT_035,NA,No,NA,NA,NA,NA,NA,NA,No,10,NA,No,Yes,NA,NA,NA,NA,,NA,CBNMS,"Jan Roletto, Dani Lipske",appears to have grounded on Cordell bank around 23:30 September 30; recorder never turned on
ADRIFT,36,HUM,Scrimshaw,Complete,drift,WCoastUSA,ST4300HF,5984,Solar,SO-638,30,15865,41.05025,-124.43292,11/16/2022 17:00:00,100,F/V Scrimshaw,11/21/2022 17:49:00,40.93095,-124.34114,F/V Scrimshaw,C02_9299,2,1,856155,2,856166,NA,NA,NA,11/16/2022 19:14:57,11/20/2022 7:37:12,Continuous,NA,384,Cory Hom-Weaver,good,50,192000,ADRIFT_036,NA,No,NA,NA,NA,NA,NA,NA,No,,,No,Yes,NA,NA,NA,NA,,NA,NA,"Roxanne Robertson, Eric Bjorkstedt",
ADRIFT,37,HUM,Scrimshaw,Complete,drift,WCoastUSA,ST4300STD,8025,Solar,SO-798,30,16396,41.05077,-124.5109,11/16/2022 17:00:00,100,F/V Scrimshaw,11/21/2022 18:18:00,41.01446,-124.40581,F/V Scrimshaw,D02_9299,2,1,856162,2,856168,NA,NA,NA,11/16/2022 18:59:58,11/21/2022 10:59:46,Continuous,NA,288,Cory Hom-Weaver,good,30,192000,ADRIFT_037,NA,No,NA,NA,NA,NA,NA,NA,No,,,No,Yes,NA,NA,NA,NA,,NA,NA,"Roxanne Robertson, Eric Bjorkstedt",Tons of singing humpbacks
ADRIFT,38,HUM,Scrimshaw,Complete,drift,WCoastUSA,ST4300HF,5987,Solar,SO-001,30,15518,41.05112,-124.58429,11/16/2022 17:00:00,100,F/V Scrimshaw,11/21/2022 18:08:00,40.99065,-124.41114,F/V Scrimshaw,G02_9299,2,1,856161,2,856176,NA,NA,NA,11/16/2022 19:14:57,11/20/2022 3:29:42,Continuous,NA,384,Cory Hom-Weaver,good,50,192000,ADRIFT_038,NA,No,NA,NA,NA,NA,NA,NA,No,,,No,Yes,NA,NA,NA,NA,,NA,NA,"Roxanne Robertson, Eric Bjorkstedt",
ADRIFT,39,HUM,Scrimshaw,Complete,drift,WCoastUSA,ST4300HF,5984,Solar,SO-638,30,15865,40.8114,-124.4739,12/13/2022 21:19:00,100,F/V Scrimshaw,12/16/2022 20:27:00,40.7025,-124.54954,F/V Scrimshaw,C02_9299,2,1,856155,2,856166,NA,NA,NA,12/13/2022 21:29:57,12/16/2022 20:22:14,Continuous,NA,384,Cory Hom-Weaver,compromised,1000,192000,ADRIFT_039,NA,No,NA,NA,NA,NA,NA,NA,No,,,No,Yes,NA,NA,NA,NA,,NA,NA,Eric Bjorkstedt,Noise under 1kHz throughout most of the deployment
ADRIFT,40,HUM,Scrimshaw,Complete,drift,WCoastUSA,ST4300STD,8025,Solar,SO-798,30,16396,40.8114,-124.5438,12/13/2022 21:35:00,100,F/V Scrimshaw,12/16/2022 21:14:00,40.82093,-124.73885,F/V Scrimshaw,D02_9299,2,1,856162,2,856168,NA,NA,NA,12/13/2022 21:29:57,12/16/2022 21:29:50,Continuous,NA,288,Cory Hom-Weaver,good,250,192000,ADRIFT_040,NA,No,NA,NA,NA,NA,NA,NA,No,,,No,Yes,NA,NA,NA,NA,,NA,NA,Eric Bjorkstedt,Lots of dolphins and knocking in LF
ADRIFT,41,HUM,Scrimshaw,Complete,drift,WCoastUSA,ST4300HF,5987,Solar,SO-001,30,15518,40.8072,-124.609,12/13/2022 21:48:00,100,F/V Scrimshaw,12/16/2022 22:21:00,41.04001,-124.42999,F/V Scrimshaw,G02_9299,2,1,856161,2,856176,NA,NA,NA,12/13/2022 21:52:27,12/16/2022 22:37:14,Continuous,NA,384,Cory Hom-Weaver,compromised,250,192000,ADRIFT_041,NA,No,NA,NA,NA,NA,NA,NA,No,,,No,Yes,NA,NA,NA,NA,,NA,NA,Eric Bjorkstedt,
ADRIFT,42,ORE,ADRIFT,Complete,drift,WCoastUSA,ST4300HF,5296,Solar,SO-533,NA,17434,44.60481667,-124.7533,3/16/2023 19:30:00,100,R/V Elakha,3/21/2023 0:45:00,44.60491,-124.69933,R/V Pacific Storm,E02_9299,2,1,856163,2,856171,NA,NA,NA,3/16/2023 19:29:57,3/21/2023 0:44:35,Continuous,NA,384,Cory Hom-Weaver,compromised,250,192000,ADRIFT_042,NA,No,NA,NA,NA,NA,NA,NA,No,10,NA,,Yes,NA,NA,NA,NA,,NA,NA,"Craig Hayslip, Angela Szesciorka",ORE March deployments
ADRIFT,43,ORE,ADRIFT,Complete,drift,WCoastUSA,ST4300HF,5986,Solar,SO-692,NA,17435,44.77816667,-124.7205667,3/16/2023 18:53:00,100,R/V Elakha,3/20/2023 23:30:00,44.69511,-124.60888,R/V Pacific Storm,H02_9299,2,1,856159,2,856177,NA,NA,NA,3/16/2023 18:52:27,3/20/2023 8:53:16,Continuous,NA,384,Cory Hom-Weaver,good,50,192000,ADRIFT_043,NA,No,NA,NA,NA,NA,NA,NA,No,10,NA,,Yes,NA,NA,NA,NA,,NA,NA,"Craig Hayslip, Angela Szesciorka",ORE March deployments
ADRIFT,44,ORE,ADRIFT,Complete,drift,WCoastUSA,ST4300HF,5991,Solar,SO-865,NA,17438,44.54475,-124.6553667,3/16/2023 20:10:00,100,R/V Elakha,3/21/2023 2:10:00,44.54705,-124.51382,R/V Pacific Storm,T_9299,2,1,856136,2,856145,NA,NA,NA,3/16/2023 20:14:58,3/20/2023 21:11:30,Continuous,NA,384,Cory Hom-Weaver,compromised,75,192000,ADRIFT_044,NA,No,NA,NA,NA,NA,NA,NA,No,10,NA,,Yes,NA,NA,NA,NA,,NA,NA,"Craig Hayslip, Angela Szesciorka","ORE March deployments; Ch 1 has lower recieved levels than expected, use CH2  only"
ADRIFT,45,ORE,ADRIFT,Complete,drift,WCoastUSA,ST4300HF,5994,Solar,SO-588,NA,17439,44.61528333,-124.6186833,3/16/2023 18:01:00,100,R/V Elakha,3/21/2023 1:40:00,44.54106,-124.5816033,R/V Pacific Storm,V01_9299,2,1,856138,2,856151,NA,NA,NA,3/16/2023 18:59:58,3/20/2023 11:40:17,Continuous,NA,384,Cory Hom-Weaver,good,50,192000,ADRIFT_045,NA,No,NA,NA,NA,NA,NA,NA,No,10,NA,,Yes,NA,NA,NA,NA,,NA,NA,"Craig Hayslip, Angela Szesciorka",ORE March deployments
ADRIFT,46,MBY,CCC,Complete,drift,WCoastUSA,ST640,6655,Solar,SO-135,30,16639/16528,35.62419386,-121.8505283,3/11/2023 18:55:00,100,R/V Shearwater,3/16/2023 21:37:00,35.25666,-121.6134,R/V Shearwater,J02_9299,2,1,856158,2,856172,NA,NA,NA,3/11/2023 19:00:00,3/16/2023 21:30:01,6,6,384,Cory Hom-Weaver,good,30,192000,ADRIFT_046,NA,No,NA,NA,NA,NA,NA,NA,No,10,NA,No,Yes,NA,NA,NA,NA,,NA,CHNMS,"Anne Simonis, Shannon Rankin, Cory Hom-Weaver, Kaitlin Palmer, Kourtney Burger, & Shearwater crew",Overlaps with day light savings time change
ADRIFT,47,MBY,CCC,Complete,drift,WCoastUSA,ST640,6668,Solar,SO-777,30,16647/16656,35.62972532,-121.9802548,3/11/2023 19:16:54,100,R/V Shearwater,3/16/2023 21:11:00,35.26058,-121.68873,R/V Shearwater,N01_9296,3,1,856117,2,856128,3,856118,NA,3/11/2023 19:30:00,3/16/2023 21:12:01,6,6,384,Cory Hom-Weaver,good,50,192000,ADRIFT_047,NA,No,NA,NA,NA,NA,NA,NA,No,10,NA,No,Yes,NA,NA,NA,NA,,NA,CHNMS,"Anne Simonis, Shannon Rankin, Cory Hom-Weaver, Kaitlin Palmer, Kourtney Burger, & Shearwater crew","Only used CH 2, Overlaps with day light savings time change"
ADRIFT,48,MBY,CCC,Complete,drift,WCoastUSA,ST640,7519,Solar,SO-359,30,16658/15737,35.62915861,-122.0844465,3/11/2023 19:51:07,100,R/V Shearwater,3/18/2023 18:23:00,35.35003,-120.943,R/V Shearwater,L02_9299,2,1,856157,2,856169,NA,NA,NA,3/11/2023 19:54:00,3/18/2023 18:12:02,6,6,384,Cory Hom-Weaver,good,50,192000,ADRIFT_048,NA,No,NA,NA,NA,NA,NA,NA,No,No,NA,No,Yes,NA,NA,NA,NA,,NA,CHNMS,"Anne Simonis, Shannon Rankin, Cory Hom-Weaver, Kaitlin Palmer, Kourtney Burger, & Shearwater crew","Ogger pole was barely out of the water when we recovered it. Everything was intact but the pole was full of water, Overlaps with day light savings time change"
ADRIFT,49,MBY,CCC,Complete,drift,WCoastUSA,ST640,6671,Solar,SO-866,30,15968/15766,35.62906925,-122.1830466,3/11/2023 20:22:35,100,R/V Shearwater,3/16/2023 17:54:00,35.4120833,-120.8007,R/V Shearwater,X01_9299,2,1,856140,2,856150,NA,NA,NA,3/11/2023 20:36:00,3/16/2023 17:42:01,6,6,384,Cory Hom-Weaver,good,0,192000,ADRIFT_049,NA,No,NA,NA,NA,NA,NA,NA,No,10,NA,No,Yes,NA,NA,NA,NA,,NA,CHNMS,"Anne Simonis, Shannon Rankin, Cory Hom-Weaver, Kaitlin Palmer, Kourtney Burger, & Shearwater crew",Overlaps with day light savings time change
ADRIFT,50,MBY,CCC,Complete,drift,WCoastUSA,ST640,6664,Solar,SO-082,30,16530/15801,35.5439932,-122.177762,3/11/2023 20:52:46,100,R/V Shearwater,3/16/2023 20:10:00,35.24386,-121.91488,R/V Shearwater,B02_9299,2,1,856165,2,856173,NA,NA,NA,3/11/2023 21:00:00,3/16/2023 20:00:01,6,6,384,Cory Hom-Weaver,good,30,192000,ADRIFT_050,NA,No,NA,NA,NA,NA,NA,NA,No,10,NA,No,Yes,NA,NA,NA,NA,,NA,CHNMS,"Anne Simonis, Shannon Rankin, Cory Hom-Weaver, Kaitlin Palmer, Kourtney Burger, & Shearwater crew",Overlaps with day light savings time change
ADRIFT,51,MBY,CCC,Complete,drift,WCoastUSA,ST640,6667,Solar,SO-506,30,16583/16557,35.54540894,-122.0818228,3/11/2023 21:19:46,100,R/V Shearwater,3/16/2023 19:33:00,35.24386,-121.9148,R/V Shearwater,K02_9299,2,1,856154,2,856170,NA,NA,NA,3/11/2023 21:30:00,3/16/2023 19:24:01,6,6,384,Cory Hom-Weaver,good,50,192000,ADRIFT_051,NA,No,NA,NA,NA,NA,NA,NA,No,10,NA,No,Yes,NA,NA,NA,NA,,NA,CHNMS,"Anne Simonis, Shannon Rankin, Cory Hom-Weaver, Kaitlin Palmer, Kourtney Burger, & Shearwater crew",Overlaps with day light savings time change
ADRIFT,52,MBY,CCC,Complete,drift,WCoastUSA,ST640,7517,Solar,SO-919,30,16409/15761,35.54511705,-121.9806422,3/11/2023 21:44:21,100,R/V Shearwater,3/17/2023 0:02:00,35.088,-121.7386,R/V Shearwater,F02_9299,2,1,856164,2,856175,NA,NA,NA,3/11/2023 21:54:00,3/16/2023 22:54:01,6,6,384,Cory Hom-Weaver,good,75,192000,ADRIFT_052,NA,No,NA,NA,NA,NA,NA,NA,No,No,NA,No,Yes,NA,NA,NA,NA,,NA,CHNMS,"Anne Simonis, Shannon Rankin, Cory Hom-Weaver, Kaitlin Palmer, Kourtney Burger, & Shearwater crew",Overlaps with day light savings time change
ADRIFT,53,MBY,CCC,Complete,drift,WCoastUSA,ST640,6665,Solar,SO-602,30,16431/16536,35.54311385,-121.872749,3/11/2023 22:10:18,100,R/V Shearwater,3/17/2023 0:37:00,34.95593,-121.70421,R/V Shearwater,Z01_9299,2,1,856135,2,856148,NA,NA,NA,3/11/2023 22:18:00,3/16/2023 23:30:01,6,6,384,Cory Hom-Weaver,good,50,192000,ADRIFT_053,NA,No,NA,NA,NA,NA,NA,NA,No,10,NA,No,Yes,NA,NA,NA,NA,,NA,CHNMS,"Anne Simonis, Shannon Rankin, Cory Hom-Weaver, Kaitlin Palmer, Kourtney Burger, & Shearwater crew",Overlaps with day light savings time change
ADRIFT,54,HUM,Scrimshaw,Complete,drift,WCoastUSA,ST4300HF,5984,Solar,SO-305,NA,15518,40.83895,-124.5385,3/16/2023 18:30:00,100,F/V Scrimshaw,3/18/2023 16:57:00,40.80312,-124.52767,F/V Scrimshaw,C02_9299,2,1,856155,2,856166,NA,NA,NA,3/16/2023 18:29:58,3/18/2023 16:59:48,Continuous,NA,384,Cory Hom-Weaver,compromised,250,192000,ADRIFT_054,NA,No,NA,NA,NA,NA,NA,NA,No,10,NA,No,Yes,NA,NA,NA,NA,,NA,NA,Eric Bjorkstedt,"No depth data, sensor doesn't connect"
ADRIFT,55,HUM,Scrimshaw,Complete,drift,WCoastUSA,ST4300STD,8025,Solar,SO-798,NA,15865,40.84346667,-124.6252833,3/16/2023 18:50:00,100,F/V Scrimshaw,3/18/2023 17:08:00,40.87655,-124.45437,F/V Scrimshaw,G02_9299,2,1,856161,2,856176,NA,NA,NA,3/16/2023 18:29:58,3/18/2023 17:29:52,Continuous,NA,288,Cory Hom-Weaver,compromised,250,192000,ADRIFT_055,NA,No,NA,NA,NA,NA,NA,NA,No,10,NA,No,Yes,NA,NA,NA,NA,,NA,NA,Eric Bjorkstedt,
ADRIFT,56,HUM,Scrimshaw,Unusable,drift,WCoastUSA,ST4300HF,1071,Solar,SO-638,NA,16396,40.84366667,-124.6681333,3/16/2023 19:10:00,100,F/V Scrimshaw,3/18/2023 17:28:00,40.9361,-124.5078,F/V Scrimshaw,A02_9299,2,1,856156,2,856167,NA,NA,NA,NA,NA,Continuous,NA,384,Kourtney Burger,unusable,NA,NA,ADRIFT_056,NA,No,NA,NA,NA,NA,NA,NA,No,10,NA,No,Yes,NA,NA,NA,NA,,NA,NA,Eric Bjorkstedt,"No data, recorder wasn't turned on"
ADRIFT,57,HUM,Scrimshaw,Complete,drift,WCoastUSA,ST4300HF,5992,Solar,SO-001,NA,16408,40.84618333,-124.7094333,3/16/2023 19:30:00,100,F/V Scrimshaw,3/18/2023 18:03:00,41.08561,-124.50659,F/V Scrimshaw,D02_9299,2,1,856162,2,856168,NA,NA,NA,3/16/2023 19:14:57,3/18/2023 16:59:48,Continuous,NA,384,Cory Hom-Weaver,compromised,1000,192000,ADRIFT_057,NA,No,NA,NA,NA,NA,NA,NA,No,10,NA,No,Yes,NA,NA,NA,NA,,NA,NA,Eric Bjorkstedt,Knocking on the recorder through most of the deployment
ADRIFT,58,ORE,ADRIFT,Complete,drift,WCoastUSA,ST4300HF,5296,Solar,SO-533,NA,17434,43.81065,-124.61415,4/13/2023 7:35:00,100,R/V Pacific Storm,4/16/2023 17:12:00,43.26737,-124.67334,R/V Pacific Storm,E02_9299,2,1,856163,2,856171,NA,NA,NA,4/13/2023 7:49:55,4/16/2023 17:09:47,Continuous,NA,384,Cory Hom-Weaver,good,1500,192000,ADRIFT_058,NA,No,NA,NA,NA,NA,NA,NA,No,10,NA,,Yes,NA,NA,NA,NA,,NA,NA,"Craig Hayslip, Daniel Palacios, Ladd Irvine, crew of Storm",ORE April deployment part 1; MOSAIC cruise
ADRIFT,59,ORE,ADRIFT,Complete,drift,WCoastUSA,ST4300HF,5986,Solar,SO-692,NA,17435,43.89408333,-124.7331667,4/13/2023 6:00:00,100,R/V Pacific Storm,4/16/2023 21:10:00,43.69092,-124.50425,R/V Pacific Storm,H02_9299,2,1,856159,2,856177,NA,NA,NA,4/13/2023 6:15:13,4/16/2023 18:18:58,Continuous,NA,384,Cory Hom-Weaver,good,100,192000,ADRIFT_059,NA,No,NA,NA,NA,NA,NA,NA,No,10,NA,,Yes,NA,NA,NA,NA,,NA,NA,"Craig Hayslip, Daniel Palacios, Ladd Irvine, crew of Storm",ORE April deployment part 1; MOSAIC cruise
ADRIFT,60,ORE,ADRIFT,Complete,drift,WCoastUSA,ST4300HF,5991,Solar,SO-865,NA,17438,43.8128,-124.7406667,4/13/2023 6:45:00,100,R/V Pacific Storm,4/16/2023 18:28:00,43.35256,-124.56476,R/V Pacific Storm,T_9299,2,1,856136,2,856145,NA,NA,NA,4/13/2023 6:58:23,4/16/2023 18:13:06,Continuous,NA,384,Cory Hom-Weaver,compromised,75,192000,ADRIFT_060,NA,No,NA,NA,NA,NA,NA,NA,No,10,NA,,Yes,NA,NA,NA,NA,,NA,NA,"Craig Hayslip, Daniel Palacios, Ladd Irvine, crew of Storm","ORE April deployment part 1; Ch 1 has lower recieved levels than expected, use CH2  only, Possibly why the noise looks different in this drift;; MOSAIC cruise"
ADRIFT,61,ORE,ADRIFT,Complete,drift,WCoastUSA,ST4300HF,5994,Solar,SO-588,NA,17439,43.8833,-124.6160333,4/13/2023 5:15:00,100,R/V Pacific Storm,4/16/2023 19:03:00,43.39276,-124.47833,R/V Pacific Storm,V01_9299,2,1,856138,2,856151,NA,NA,NA,4/13/2023 5:14:02,4/16/2023 18:56:46,Continuous,NA,384,Cory Hom-Weaver,compromised,730,192000,ADRIFT_061,NA,No,NA,NA,NA,NA,NA,NA,No,10,NA,,Yes,NA,NA,NA,NA,,NA,NA,"Craig Hayslip, Daniel Palacios, Ladd Irvine, crew of Storm",ORE April deployment part 1; MOSAIC cruise
ADRIFT,62,ORE,ADRIFT,Complete,drift,WCoastUSA,ST4300HF,5296,Solar,SO-533,NA,17434,45.07783333,-124.3935,4/26/2023 3:45:00,100,R/V Pacific Storm,4/29/2023 5:15:00,45.1584,-124.5925,R/V Pacific Storm,E02_9299,2,1,856163,2,856171,NA,NA,NA,4/26/2023 3:37:21,4/29/2023 5:28:54,Continuous,NA,384,Cory Hom-Weaver,good,250,192000,ADRIFT_062,NA,No,NA,NA,NA,NA,NA,NA,No,10,NA,,Yes,NA,NA,NA,NA,,NA,NA,"Craig Hayslip, Daniel Palacios, Ladd Irvine, crew of Storm",ORE April deployment part 2; MOSAIC cruise
ADRIFT,63,ORE,ADRIFT,Complete,drift,WCoastUSA,ST4300HF,5986,Solar,SO-692,NA,17435,45.15816667,-124.3968333,4/26/2023 3:05:00,100,R/V Pacific Storm,4/29/2023 21:15:00,45.385,-124.5665,R/V Pacific Storm,H02_9299,2,1,856159,2,856177,NA,NA,NA,4/26/2023 3:03:34,4/29/2023 3:44:57,Continuous,NA,384,Cory Hom-Weaver,good,250,192000,ADRIFT_063,NA,No,NA,NA,NA,NA,NA,NA,No,10,NA,,Yes,NA,NA,NA,NA,,NA,NA,"Craig Hayslip, Daniel Palacios, Ladd Irvine, crew of Storm",ORE April deployment part 2; MOSAIC cruise
ADRIFT,64,ORE,ADRIFT,Complete,drift,WCoastUSA,ST4300HF,5991,Solar,SO-865,NA,17438,45.2415,-124.3993333,4/26/2023 2:25:00,100,R/V Pacific Storm,4/29/2023 20:35:00,45.40716667,-124.4928333,R/V Pacific Storm,T_9299,2,1,856136,2,856145,NA,NA,NA,4/26/2023 2:06:08,4/29/2023 7:20:35,Continuous,NA,384,Cory Hom-Weaver,compromised,700,192000,ADRIFT_064,NA,No,NA,NA,NA,NA,NA,NA,No,10,NA,,Yes,NA,NA,NA,NA,,NA,NA,"Craig Hayslip, Daniel Palacios, Ladd Irvine, crew of Storm","ORE April deployment part 2; Ch 1 has lower recieved levels than expected, use CH2  only; MOSAIC cruise"
ADRIFT,65,ORE,ADRIFT,Complete,drift,WCoastUSA,ST4300HF,5994,Solar,SO-588,NA,17439,45.3245,-124.402,4/26/2023 1:50:00,100,R/V Pacific Storm,4/29/2023 7:15:00,45.2014,-124.2783333,R/V Pacific Storm,V01_9299,2,1,856138,2,856151,NA,NA,NA,4/26/2023 2:59:55,4/29/2023 6:47:59,Continuous,NA,384,Cory Hom-Weaver,compromised,1000,192000,ADRIFT_065,NA,No,NA,NA,NA,NA,NA,NA,No,10,NA,,Yes,NA,NA,NA,NA,,NA,NA,"Craig Hayslip, Daniel Palacios, Ladd Irvine, crew of Storm",ORE April deployment part 2; MOSAIC cruise
ADRIFT,66,SFB,ACCESS,Unusable,drift,WCoastUSA,ST640,6671,Solar,SO-919,NA,16557,37.72205,-123.23272,5/8/2023 3:08:00,100,R/V Shimada,5/13/2023 20:51:00,37.569893,-123.536577,R/V Shimada,K02_9299,2,1,856154,2,856170,NA,NA,NA,NA,NA,6,6,384,Kourtney Burger,unusable,NA,NA,ADRIFT_066,NA,No,NA,NA,NA,NA,NA,NA,No,10,NA,,Yes,NA,NA,NA,NA,,NA,GFNMS,Jan Roletto,"Soundtrap was flooded upon recovery; About 4 minutes of data was recovered from corroded SD cards (data on DON, not packaged for passive packer). Tracking link: https://fleetone.lonestartracking.com/share?95518b08ac3d4f2b37b84c72226eed4f"
ADRIFT,67,SFB,ACCESS,Complete,drift,WCoastUSA,ST640,6668,Solar,SO-506,NA,16656,37.80117,-123.38492,5/8/2023 4:18:00,100,R/V Shimada,5/12/2023 1:46:00,37.43115,-123.47074,R/V Shimada,J02_9299,2,1,856158,2,856172,NA,NA,NA,5/8/2023 4:18:02,5/12/2023 1:36:03,6,6,384,Cory Hom-Weaver,compromised,50,192000,ADRIFT_067,NA,No,NA,NA,NA,NA,NA,NA,No,10,NA,,Yes,NA,NA,NA,NA,,NA,GFNMS,Jan Roletto,"Anchor was missing on retrieval. There is a possibility it grounded at Rittenburg Bank on 3/9/23. We need to check the recordings when they are back. Tracking link: https://fleetone.lonestartracking.com/share?95518b08ac3d4f2b37b84c72226eed4f . Snapping shrimp sounds start to appear 05/09/2023 02:50, flow noise is high after 05/10/2023 08:17:04"
ADRIFT,68,HUM,ADRIFT,Complete,drift,WCoastUSA,ST4300HF,5992,Solar,SO-001,NA,16546,40.8272,-124.539467,5/7/2023 0:25:00,100,F/V Scrimshaw,5/9/2023 16:08:00,41.01357,-124.57364,F/V Scrimshaw,C02_9299,2,1,856155,2,856166,NA,NA,NA,5/7/2023 0:29:58,5/9/2023 16:14:48,Continuous,NA,384,Cory Hom-Weaver,compromised,250,192000,ADRIFT_068,NA,No,NA,NA,NA,NA,NA,NA,No,10,NA,,Yes,NA,NA,NA,NA,,NA,NA,Eric Bjorkstedt,"Ch 1 has lower recieved levels than expected, use CH2 only"
ADRIFT,69,HUM,ADRIFT,Unusable,drift,WCoastUSA,ST4300HF,1071,Solar,SO-305,NA,15865,40.82845,-124.588217,5/7/2023 0:37:00,100,F/V Scrimshaw,5/9/2023 0:00:00,41.16206,-124.41831,F/V Scrimshaw,G02_9299,2,1,856161,2,856176,NA,NA,NA,NA,NA,Continuous,NA,384,Kourtney Burger,unusable,NA,NA,ADRIFT_069,NA,No,NA,NA,NA,NA,NA,NA,No,10,NA,,Yes,NA,NA,NA,NA,,NA,NA,Eric Bjorkstedt,"Something is wrong with the recordings. The signal looks super weak in both channels. Data deleted from DON, SUD files on PAM2, not packaged for passive packer"
ADRIFT,70,HUM,ADRIFT,Complete,drift,WCoastUSA,ST4300HF,5984,Solar,SO-798,NA,16396,40.827433,-124.64165,5/7/2023 0:59:00,100,F/V Scrimshaw,5/9/2023 17:30:00,40.8005,-125.02851,F/V Scrimshaw,A02_9299,2,1,856156,2,856167,NA,NA,NA,5/7/2023 0:52:27,5/9/2023 17:44:46,Continuous,NA,384,Cory Hom-Weaver,good,50,192000,ADRIFT_070,NA,No,NA,NA,NA,NA,NA,NA,No,10,NA,,Yes,NA,NA,NA,NA,,NA,NA,Eric Bjorkstedt,
ADRIFT,71,HUM,ADRIFT,Complete,drift,WCoastUSA,ST4300STD,8025,Solar,SO-638,NA,16408,40.8274,-124.6979,5/7/2023 1:17:00,100,F/V Scrimshaw,5/9/2023 17:59:48,40.76916,-125.09938,F/V Scrimshaw,D02_9299,2,1,856162,2,856168,NA,NA,NA,5/7/2023 0:59:58,5/9/2023 17:59:48,Continuous,NA,288,Cory Hom-Weaver,compromised,250,192000,ADRIFT_071,NA,No,NA,NA,NA,NA,NA,NA,No,10,NA,,Yes,NA,NA,NA,NA,,NA,NA,Eric Bjorkstedt,
ADRIFT,72,ORE,ADRIFT,Complete,drift,WCoastUSA,ST4300HF,5296,Solar,SO-533,NA,17434,44.61386667,-124.7515667,5/17/2023 18:20:00,100,R/V Elakha,5/26/2023 5:28:00,44.20557,-124.8223,R/V Pacific Storm,E02_9299,2,1,856163,1,856171,NA,NA,NA,5/17/2023 18:13:55,5/23/2023 13:36:53,Continuous,NA,384,Cory Hom-Weaver,good,50,192000,ADRIFT_072,NA,No,NA,NA,NA,NA,NA,NA,No,10,NA,,Yes,NA,NA,NA,NA,,NA,NA,"Craig Hayslip, Hannah Sawyer, crew of Elakha",May deployment
ADRIFT,73,ORE,ADRIFT,Complete,drift,WCoastUSA,ST4300HF,5986,Solar,SO-692,NA,17435,44.64125,-124.7832,5/17/2023 18:45:00,100,R/V Elakha,5/26/2023 11:32:00,43.57674,-124.9721,R/V Pacific Storm,H02_9299,2,1,856159,1,856177,NA,NA,NA,5/17/2023 18:38:29,5/21/2023 6:28:32,Continuous,NA,384,Cory Hom-Weaver,good,50,192000,ADRIFT_073,NA,No,NA,NA,NA,NA,NA,NA,No,10,NA,,Yes,NA,NA,NA,NA,,NA,NA,"Craig Hayslip, Hannah Sawyer, crew of Elakha",May deployment
ADRIFT,74,ORE,ADRIFT,Complete,drift,WCoastUSA,ST4300HF,5991,Solar,SO-865,NA,17438,44.61011667,-124.8104167,5/17/2023 19:06:00,100,R/V Elakha,5/26/2023 11:00:00,43.60559,-125.01611,R/V Pacific Storm,T01_9299,2,1,856136,1,856145,NA,NA,NA,5/17/2023 18:58:58,5/21/2023 20:30:14,Continuous,NA,384,Cory Hom-Weaver,compromised,250,192000,ADRIFT_074,NA,No,NA,NA,NA,NA,NA,NA,No,10,NA,,Yes,NA,NA,NA,NA,,NA,NA,"Craig Hayslip, Hannah Sawyer, crew of Elakha","May deployment; Ch 1 has lower recieved levels than expected, use CH2  only"
ADRIFT,75,ORE,ADRIFT,Complete,drift,WCoastUSA,ST4300HF,5994,Solar,SO-588,NA,17439,44.583,-124.7810167,5/17/2023 19:02:00,100,R/V Elakha,5/26/2023 5:39:00,44.22705,-124.84481,R/V Pacific Storm,V01_9299,2,1,856138,1,856151,NA,NA,NA,5/17/2023 19:25:22,5/21/2023 9:00:04,Continuous,NA,384,Cory Hom-Weaver,good,250,192000,ADRIFT_075,NA,No,NA,NA,NA,NA,NA,NA,No,10,NA,,Yes,NA,NA,NA,NA,,NA,NA,"Craig Hayslip, Hannah Sawyer, crew of Elakha",May deployment
ADRIFT,76,ORE,ADRIFT,Unusable,drift,WCoastUSA,ST4300HF,5296,Solar,SO-533,NA,17434,44.6520667,-124.65207,7/17/2023 19:05:00,100,R/V Elakha,7/21/2023 20:15:00,44.4635,-124.942,R/V Pacific Storm,E02_9299,2,1,856163,1,856171,NA,NA,NA,NA,NA,6,6,384,Kourtney Burger,unusable,NA,NA,ADRIFT_076,NA,No,NA,NA,NA,NA,NA,NA,No,10,NA,,Yes,NA,NA,NA,NA,,NA,NA,"Craig Hayslip, Marissa Garcia, crew of Elakha/Storm","July deployment, recorder didn't start"
ADRIFT,77,ORE,ADRIFT,Complete,drift,WCoastUSA,ST4300HF,5986,Solar,SO-692,NA,17435,44.7479333,-124.74793,7/17/2023 20:00:00,100,R/V Elakha,7/21/2023 21:20:00,44.43216667,-124.8083333,R/V Pacific Storm,H02_9299,2,1,856159,1,856177,NA,NA,NA,7/17/2023 19:08:24,7/21/2023 8:34:54,6,6,384,Cory Hom-Weaver,compromised,150,192000,ADRIFT_077,NA,No,NA,NA,NA,NA,NA,NA,No,10,NA,,Yes,NA,NA,NA,NA,,NA,NA,"Craig Hayslip, Marissa Garcia, crew of Elakha/Storm",July deployment
ADRIFT,78,ORE,ADRIFT,Complete,drift,WCoastUSA,ST4300HF,5994,Solar,SO-588,NA,17439,44.73705,-124.67712,7/17/2023 18:25:00,100,R/V Elakha,7/21/2023 21:00:00,44.45266667,-124.8458333,R/V Pacific Storm,V01_9299,2,1,856138,1,856151,NA,NA,NA,7/17/2023 20:03:06,7/21/2023 11:22:38,6,6,384,Cory Hom-Weaver,compromised,55,192000,ADRIFT_078,NA,No,NA,NA,NA,NA,NA,NA,No,10,NA,,Yes,NA,NA,NA,NA,,NA,NA,"Craig Hayslip, Marissa Garcia, crew of Elakha/Storm","July deployment, lots of noise throughout the drift"
ADRIFT,79,MBY,CCC,Complete,drift,WCoastUSA,ST640,6664,Solar,SO-866,NA,15766/16431,35.627767,-121.637933,7/11/2023 19:58:00,100,R/V Fulmar,7/16/2023 16:28:00,35.399233,-121.457383,R/V  Fulmar,K02_9299,2,1,856154,2,856170,NA,NA,NA,7/11/2023 19:54:00,7/16/2023 16:24:02,6,6,384,Cory Hom-Weaver,good,200,192000,ADRIFT_079,NA,No,NA,NA,NA,NA,NA,NA,No,10,No ,,Yes,NA,NA,NA,NA,,NA,"CHNMS, MBNMS",Cory Hom-Weaver,
ADRIFT,80,MBY,CCC,Complete,drift,WCoastUSA,ST640,6655,Solar,SO-602,NA,15968/16536,35.6299,-121.754417,7/11/2023 20:38:00,100,R/V Fulmar,7/16/2023 20:23:00,35.875933,-121.757017,R/V  Fulmar,B02_9299,2,1,856165,2,856173,NA,NA,NA,7/11/2023 20:42:00,7/16/2023 20:12:01,6,6,384,Cory Hom-Weaver,good,50,192000,ADRIFT_080,NA,No,NA,NA,NA,NA,NA,NA,No,10,No ,,Yes,NA,NA,NA,NA,,NA,MBNMS,Cory Hom-Weaver,
ADRIFT,81,MBY,CCC,Complete,drift,WCoastUSA,ST640,7517,Solar,SO-135,NA,16597/16636,35.541633,-121.749383,7/11/2023 21:18:00,100,R/V Fulmar,7/16/2023 17:53:00,35.65765,-121.529567,R/V  Fulmar,Z01_9299,2,1,856135,2,856148,NA,NA,NA,7/11/2023 21:18:00,7/16/2023 17:42:02,6,6,384,Cory Hom-Weaver,good,250,192000,ADRIFT_081,NA,No,NA,NA,NA,NA,NA,NA,No,No,No ,,Yes,NA,NA,NA,NA,,NA,MBNMS,Cory Hom-Weaver,
ADRIFT,82,MBY,CCC,Complete,drift,WCoastUSA,ST640,7521,Solar,SO-777,NA,16409/16557,35.539133,-121.634117,7/11/2023 21:58:00,100,R/V Fulmar,7/15/2023 18:40:00,35.6299,-121.754417,R/V  Fulmar,U01_9299,2,1,856137,2,856149,NA,NA,NA,7/11/2023 21:54:00,7/15/2023 18:42:01,6,6,384,Cory Hom-Weaver,good,25,192000,ADRIFT_082,NA,No,NA,NA,NA,NA,NA,NA,No,No,No ,,Yes,NA,NA,NA,NA,,NA,CHNMS,Cory Hom-Weaver,
ADRIFT,83,MBY,CCC,Complete,drift,WCoastUSA,ST640,6665,Solar,SO-506,NA,16528/15761,35.54235,-121.484383,7/11/2023 22:41:00,100,R/V Fulmar,7/16/2023 17:20:00,35.635383,-121.421917,R/V  Fulmar,X01_9299,2,1,856140,2,856150,NA,NA,NA,7/11/2023 22:44:00,7/16/2023 17:18:01,6,6,384,Cory Hom-Weaver,good,25,192000,ADRIFT_083,NA,No,NA,NA,NA,NA,NA,NA,No,10,No ,,Yes,NA,NA,NA,NA,,NA,"CHNMS, MBNMS",Cory Hom-Weaver,"At first glance, lots of odontocetes"
ADRIFT,84,MBY,CCC,Lost,drift,WCoastUSA,ST640,6668,Solar,SO-331,NA,16639/16530,35.447433,-121.5797,7/11/2023 23:20:00,100,R/V Fulmar,NA,NA,NA,NA,J02_9299,2,1,856158,2,856172,NA,NA,NA,NA,NA,6,6,384,Kourtney Burger,unusable,NA,NA,ADRIFT_084,NA,No,NA,NA,NA,NA,NA,NA,No,,No ,,Yes,NA,NA,NA,NA,,NA,CHNMS,Cory Hom-Weaver,Lost at sea
ADRIFT,85,ORE,ADRIFT,Complete,drift,WCoastUSA,ST4300HF,5296,Solar,SO-533,NA,17434,45.3824167,-124.41357,8/4/2023 22:06:00,100,R/V Pacific Storm,8/12/2023 13:48:56,44.95337,-124.44817,R/V Pacific Storm,E02_9299,2,1,856163,1,856171,NA,NA,NA,8/4/2023 22:05:52,8/11/2023 2:37:32,6,6,384,Cory Hom-Weaver,compromised,75,192000,ADRIFT_085,NA,No,NA,NA,NA,NA,NA,NA,No,10,NA,,Yes,NA,NA,NA,NA,,NA,NA,"Angela Szesciorka, Ladd Irvine, Craig Hayslip, crew of Storm","MOSAIC cruise, 6 minute file gap at 8/5/2023 9:23:52"
ADRIFT,86,ORE,ADRIFT,Complete,drift,WCoastUSA,ST4300HF,5986,Solar,SO-692,NA,17435,45.3176667,-124.41017,8/4/2023 22:39:00,100,R/V Pacific Storm,8/12/2023 15:48:00,44.83994,-124.47023,R/V Pacific Storm,H02_9299,2,1,856159,1,856177,NA,NA,NA,8/4/2023 22:41:22,8/8/2023 10:11:55,6,6,384,Cory Hom-Weaver,compromised,250,192000,ADRIFT_086,NA,No,NA,NA,NA,NA,NA,NA,No,10,NA,,Yes,NA,NA,NA,NA,,NA,NA,"Angela Szesciorka, Ladd Irvine, Craig Hayslip, crew of Storm",MOSAIC cruise
ADRIFT,87,ORE,ADRIFT,Complete,drift,WCoastUSA,ST4300HF,5994,Solar,SO-588,NA,17439,45.3368667,-124.46508,8/4/2023 23:15:00,100,R/V Pacific Storm,8/12/2023 14:39:00,44.94423,-124.53973,R/V Pacific Storm,V01_9299,2,1,856138,1,856151,NA,NA,NA,8/4/2023 23:14:28,8/8/2023 11:44:44,6,6,384,Cory Hom-Weaver,compromised,40,192000,ADRIFT_087,NA,No,NA,NA,NA,NA,NA,NA,No,10,NA,,Yes,NA,NA,NA,NA,,NA,NA,"Angela Szesciorka, Ladd Irvine, Craig Hayslip, crew of Storm","MOSAIC cruise, gaps in recordings listed in RAW DON folder (\RECORDINGS\DRIFTERS\ADRIFT\RAW\ADRIFT_087_CENSOR\RecordingGaps.txt"
ADRIFT,88,HUM,CoralSeaWW,Complete,drift,WCoastUSA,ST4300HF,5992,Solar,SO-001,NA,16546,41.83065,-124.641,8/25/2023 17:05:00,100,R/V Coral Sea,8/28/2023 21:17:00,41.144439,-124.41566,Scrimshaw,C02_9299,2,1,856155,2,856166,NA,NA,NA,8/25/2023 17:29:58,8/28/2023 20:23:59,6,6,384,Cory Hom-Weaver,compromised,250,192000,ADRIFT_088,NA,No,NA,NA,NA,NA,NA,NA,No,10,NA,,Yes,NA,NA,NA,NA,,NA,NA,Eric Bjorkstedt,
ADRIFT,89,HUM,CoralSeaWW,Complete,drift,WCoastUSA,ST4300HF,5990,Solar,SO-305,NA,15865,41.83002,-124.69,8/25/2023 17:20:00,100,R/V Coral Sea,8/28/2023 21:27:00,41.144442,-124.41566,Scrimshaw,G02_9299,2,1,856161,2,856176,NA,NA,NA,8/25/2023 17:17:58,8/26/2023 18:23:58,6,6,384,Cory Hom-Weaver,compromised,50,192000,ADRIFT_089,NA,No,NA,NA,NA,NA,NA,NA,No,10,NA,,Yes,NA,NA,NA,NA,,NA,NA,Eric Bjorkstedt,"error with SUD files, recovered ~ 1 day of recordings"
ADRIFT,90,HUM,CoralSeaWW,Complete,drift,WCoastUSA,ST4300HF,5984,Solar,SO-798,NA,16396,41.82998,-124.54227,8/25/2023 17:40:00,100,R/V Coral Sea,8/28/2023 21:58:00,40.93304,-124.42666,Scrimshaw,A02_9299,2,1,856156,2,856167,NA,NA,NA,8/25/2023 17:41:58,8/26/2023 21:11:58,6,6,384,Cory Hom-Weaver,compromised,50,192000,ADRIFT_090,NA,No,NA,NA,NA,NA,NA,NA,No,10,NA,,Yes,NA,NA,NA,NA,,NA,NA,Eric Bjorkstedt,"error with SUD files, recovered ~ 1 day of recordings"
ADRIFT,91,HUM,CoralSeaWW,Complete,drift,WCoastUSA,ST4300STD,8025,Solar,SO-638,NA,16408,41.82983,-124.59067,8/25/2023 18:00:00,100,R/V Coral Sea,8/28/2023 22:28:00,40.77271,-124.52787,Scrimshaw,D02_9299,2,1,856162,2,856168,NA,NA,NA,8/25/2023 18:05:58,8/28/2023 21:29:59,6,6,288,Cory Hom-Weaver,compromised,50,192000,ADRIFT_091,NA,No,NA,NA,NA,NA,NA,NA,No,10,NA,,Yes,NA,NA,NA,NA,,NA,NA,Eric Bjorkstedt,
ADRIFT,92,SFB,ACCESS,Complete,drift,WCoastUSA,ST640,6663,Solar,SO-359,NA,16656/16658,37.722533,-123.232467,9/17/2023 17:42:00,100,R/V Fulmar,9/22/2023 1:48:00,37.70513,-123.66975,R/V Lasker,L02_9299,2,1,856157,2,856169,NA,NA,NA,9/17/2023 17:42:00,9/22/2023 1:42:02,6,6,384,Cory Hom-Weaver,compromised,250,192000,ADRIFT_092,NA,No,NA,NA,NA,NA,NA,NA,No,10,NA,,Yes,NA,NA,NA,NA,,NA,"CBNMS, GFNMS",Dani Lipske (ACCESS) / Kevin Stierhoff (SWFSC scientist on Lasker for recovery),R/V Lasker recovered the buoy en route to Newport because the R/V Fulmar is in port with mechanical issues and unable to help with recovery
ADRIFT,93,ORE,ADRIFT,Canceled,drift,WCoastUSA,ST640,6655,Solar,SO-533,NA,17434,NA,NA,NA,100,R/V Pacific Storm,NA,NA,NA,R/V Pacific Storm,E02_9299,2,1,856163,1,856171,NA,NA,NA,NA,NA,6,6,384,Kourtney Burger,unusable,NA,NA,ADRIFT_093,NA,No,NA,NA,NA,NA,NA,NA,No,10,NA,,Yes,NA,NA,NA,NA,,NA,NA,Angela Szesciorka (planning/prep/documentation); Craig Hayslip and crew of Elakha/Storm (deploy/recover),terrible Oct weather - never got a window to deploy; combined with MOSAIC Oct 2023 cruise
ADRIFT,94,ORE,ADRIFT,Canceled,drift,WCoastUSA,ST640,6664,Solar,SO-692,NA,17435,NA,NA,NA,100,R/V Pacific Storm,NA,NA,NA,R/V Pacific Storm,H02_9299,2,1,856159,1,856177,NA,NA,NA,NA,NA,6,6,384,Kourtney Burger,unusable,NA,NA,ADRIFT_094,NA,No,NA,NA,NA,NA,NA,NA,No,10,NA,,Yes,NA,NA,NA,NA,,NA,NA,Angela Szesciorka (planning/prep/documentation); Craig Hayslip and crew of Elakha/Storm (deploy/recover),terrible Oct weather - never got a window to deploy; combined with MOSAIC Oct 2023 cruise
ADRIFT,95,ORE,ADRIFT,Canceled,drift,WCoastUSA,ST640,7517,Solar,SO-865,NA,17438,NA,NA,NA,100,R/V Pacific Storm,NA,NA,NA,R/V Pacific Storm,T_9299,2,1,856136,1,856145,NA,NA,NA,NA,NA,6,6,384,Kourtney Burger,unusable,NA,NA,ADRIFT_095,NA,No,NA,NA,NA,NA,NA,NA,No,10,NA,,Yes,NA,NA,NA,NA,,NA,NA,Angela Szesciorka (planning/prep/documentation); Craig Hayslip and crew of Elakha/Storm (deploy/recover),terrible Oct weather - never got a window to deploy; combined with MOSAIC Oct 2023 cruise
ADRIFT,96,ORE,ADRIFT,Canceled,drift,WCoastUSA,ST640,7518,Solar,SO-588,NA,17439,NA,NA,NA,100,R/V Pacific Storm,NA,NA,NA,R/V Pacific Storm,V01_9299,2,1,856138,1,856151,NA,NA,NA,NA,NA,6,6,384,Kourtney Burger,unusable,NA,NA,ADRIFT_096,NA,No,NA,NA,NA,NA,NA,NA,No,10,NA,,Yes,NA,NA,NA,NA,,NA,NA,Angela Szesciorka (planning/prep/documentation); Craig Hayslip and crew of Elakha/Storm (deploy/recover),terrible Oct weather - never got a window to deploy; combined with MOSAIC Oct 2023 cruise
ADRIFT,97,HUM,ADRIFT,Complete,drift,WCoastUSA,ST4300HF,5992,Solar,SO-001,NA,16396,40.83497,-124.54502,10/5/2023 23:16:00,100,Scrimshaw,10/6/2023 23:24:00,40.9315,-124.88719,Scrimshaw,C02_9299,2,1,856155,2,856166,NA,NA,NA,10/5/2023 23:29:58,10/6/2023 23:23:58,6,6,384,Cory Hom-Weaver,compromised,75,192000,ADRIFT_097,NA,No,NA,NA,NA,NA,NA,NA,No,10,NA,,Yes,NA,NA,NA,NA,,NA,NA,Eric Bjorkstedt,
ADRIFT,98,HUM,ADRIFT,Complete,drift,WCoastUSA,ST4300HF,5990,Solar,SO-798,NA,16408,40.83524,-124.59503,10/5/2023 23:29:00,100,Scrimshaw,10/6/2023 23:36:00,40.95905,-124.93727,Scrimshaw,G02_9299,2,1,856161,2,856176,NA,NA,NA,10/5/2023 23:29:58,10/6/2023 23:41:58,6,6,384,Cory Hom-Weaver,compromised,80,192000,ADRIFT_098,NA,No,NA,NA,NA,NA,NA,NA,No,10,NA,,Yes,NA,NA,NA,NA,,NA,NA,Eric Bjorkstedt,
ADRIFT,99,HUM,ADRIFT,Complete,drift,WCoastUSA,ST4300HF,5984,Solar,SO-638,NA,16546,40.83531,-124.64676,10/5/2023 23:41:00,100,Scrimshaw,10/6/2023 23:51:00,40.9718,-124.99055,Scrimshaw,A02_9299,2,1,856156,2,856167,NA,NA,NA,10/5/2023 23:41:58,10/6/2023 23:53:58,6,6,384,Cory Hom-Weaver,compromised,250,192000,ADRIFT_099,NA,No,NA,NA,NA,NA,NA,NA,No,10,NA,,Yes,NA,NA,NA,NA,,NA,NA,Eric Bjorkstedt,Loud banging!
ADRIFT,100,HUM,ADRIFT,Complete,drift,WCoastUSA,ST4300STD,8025,Solar,SO-305,NA,15865,40.83532,-124.69814,10/5/2023 23:54:00,100,Scrimshaw,10/7/2023 0:03:00,40.97695,-125.02801,Scrimshaw,D02_9299,2,1,856162,2,856168,NA,NA,NA,10/5/2023 23:53:58,10/7/2023 0:23:58,6,6,288,Cory Hom-Weaver,compromised,250,192000,ADRIFT_100,NA,No,NA,NA,NA,NA,NA,NA,No,10,NA,,Yes,NA,NA,NA,NA,,NA,NA,Eric Bjorkstedt,
ADRIFT,101,MBY,CCC,Complete,drift,WCoastUSA,ST640,7932,Solar,SO-919,NA,15771/15801,35.628833,-121.635133,11/6/2023 17:11:00,100,R/V Shearwater,11/10/2023 18:11:00,35.369433,-121.712218,R/V Shearwater,U01_9299,2,1,856137,2,856149,NA,NA,NA,11/6/2023 17:06:00,11/10/2023 18:18:01,6,6,384,Cory Hom-Weaver,compromised,30,192000,ADRIFT_101,NA,No,NA,NA,NA,NA,NA,NA,No,10,NA,,Yes,NA,NA,NA,NA,,NA,MBNMS,"Anne Simonis, Shannon Rankin, Kourtney Burger, Kaitlin Palmer, & Shearwater crew",Recovered within 1 mile of mixed group Delphinus delphis + Lissodelphins
ADRIFT,102,MBY,CCC,Complete,drift,WCoastUSA,ST640,6667,Solar,SO-866,NA,15968/16656,35.631883,-121.749367,11/6/2023 17:46:00,100,R/V Shearwater,11/10/2023 19:39:00,35.81375,-121.01515,R/V Shearwater,X01_9299,2,1,856140,2,856150,NA,NA,NA,11/6/2023 17:42:00,11/10/2023 19:48:01,6,6,384,Cory Hom-Weaver,compromised,30,192000,ADRIFT_102,NA,No,NA,NA,NA,NA,NA,NA,No,10,NA,,Yes,NA,NA,NA,NA,,NA,NA,"Anne Simonis, Shannon Rankin, Kourtney Burger, Kaitlin Palmer, & Shearwater crew", 
ADRIFT,103,MBY,CCC,Complete,drift,WCoastUSA,ST640,7939,Solar,SO-135,NA,16658/16597,35.628133,-121.86545,11/6/2023 19:00:00,100,R/V Shearwater,11/10/2023 20:43:00,35.81375,-121.061433,R/V Shearwater,W01_9299,2,1,856135,2,856147,NA,NA,NA,11/6/2023 18:54:00,11/10/2023 20:54:01,6,6,384,Cory Hom-Weaver,compromised,60,192000,ADRIFT_103,NA,No,NA,NA,NA,NA,NA,NA,No,10,NA,,Yes,NA,NA,NA,NA,,NA,NA,"Anne Simonis, Shannon Rankin, Kourtney Burger, Kaitlin Palmer, & Shearwater crew", 
ADRIFT,104,MBY,CCC,Complete,drift,WCoastUSA,ST640,7930,Solar,SO-083,NA,16583/16431,35.629283,-121.9473,11/6/2023 19:26:00,100,R/V Shearwater,11/10/2023 22:46:00,35.540633,-122.010517,R/V Shearwater,L02_9299,2,1,856157,2,856169,NA,NA,NA,11/6/2023 19:24:00,11/10/2023 22:48:01,6,6,384,Cory Hom-Weaver,compromised,250,192000,ADRIFT_104,NA,No,NA,NA,NA,NA,NA,NA,No,10,NA,,Yes,NA,NA,NA,NA,,NA,NA,"Anne Simonis, Shannon Rankin, Kourtney Burger, Kaitlin Palmer, & Shearwater crew", 
ADRIFT,105,MBY,CCC,Complete,drift,WCoastUSA,ST640,7951,Solar,SO-082,NA,15737/16647,35.54435,-121.948917,11/6/2023 20:04:00,100,R/V Shearwater,11/10/2023 21:51:00,35.5605,-121.851683,R/V Shearwater,F02_9299,2,1,856164,2,856175,NA,NA,NA,11/6/2023 20:00:00,11/10/2023 22:00:01,6,6,384,Cory Hom-Weaver,compromised,250,192000,ADRIFT_105,NA,No,NA,NA,NA,NA,NA,NA,No,10,NA,,Yes,NA,NA,NA,NA,,NA,NA,"Anne Simonis, Shannon Rankin, Kourtney Burger, Kaitlin Palmer, & Shearwater crew", 
ADRIFT,106,MBY,CCC,Complete,drift,WCoastUSA,ST640,6663,Solar,SO-359,NA,15766/15761,35.542667,-121.851933,11/6/2023 20:36:00,100,R/V Shearwater,11/10/2023 22:13:00,35.54365,-121.91835,R/V Shearwater,B02_9299,2,1,856165,2,856173,NA,NA,NA,11/6/2023 20:36:00,11/10/2023 22:18:01,6,ca,384,Cory Hom-Weaver,compromised,250,192000,ADRIFT_106,NA,No,NA,NA,NA,NA,NA,NA,No,10,NA,,Yes,NA,NA,NA,NA,,NA,NA,"Anne Simonis, Shannon Rankin, Kourtney Burger, Kaitlin Palmer, & Shearwater crew", 
ADRIFT,107,MBY,CCC,Complete,drift,WCoastUSA,ST640,7934,Solar,SO-803,NA,16557/16409,35.54185,-121.7526,11/6/2023 21:03:00,100,R/V Shearwater,11/10/2023 20:12:00,35.730217,-122.03485,R/V Shearwater,Z01_9299,2,1,856135,2,856148,NA,NA,NA,11/6/2023 21:00:00,11/10/2023 20:24:01,6,6,384,Cory Hom-Weaver,compromised,250,192000,ADRIFT_107,NA,No,NA,NA,NA,NA,NA,NA,No,10,NA,,Yes,NA,NA,NA,NA,,NA,NA,"Anne Simonis, Shannon Rankin, Kourtney Burger, Kaitlin Palmer, & Shearwater crew", 
ADRIFT,108,MBY,CCC,Complete,drift,WCoastUSA,ST640,7519,Solar,SO-602,NA,16549/16536,35.54275,-121.6337,11/6/2023 21:46:00,100,R/V Shearwater,11/10/2023 21:18:00,35.649383,-121.926033,R/V Shearwater,K02_9299,2,1,856154,2,856170,NA,NA,NA,11/6/2023 21:41:59,11/10/2023 21:24:00,6,6,384,Cory Hom-Weaver,compromised,250,192000,ADRIFT_108,NA,No,NA,NA,NA,NA,NA,NA,No,10,NA,,Yes,NA,NA,NA,NA,,NA,"CHNMS, MBNMS","Anne Simonis, Shannon Rankin, Kourtney Burger, Kaitlin Palmer, & Shearwater crew", 
CCES,4,HUM,CCES2018,Complete,drift,WCoastUSA,SM3M,SM3M_3,SPOT,E/K,,OT-6,45.0834,-128.2082,7/25/2018 3:30:00,100,R/V Ruben Lasker,10/13/2018 0:36:00,41.7569,-127.1545,R/V Ruben Lasker,3,2,1,856073,2,856040,NA,NA,NA,7/30/2018 0:00:00,10/12/2018 23:59:59,2,20,256,,compromised,100,256000,CCES_004,2,No,NA,NA,NA,NA,NA,NA,No,No,No,No,NA,NA,NA,NA,NA,,NA,No NMS entered,NA,"Duty cycle 2/4 for 20 days then 2/20, Instrument noise at ~60kHz and 100kHz throughout drift "
CCES,7,HUM,CCES2018,Complete,drift,WCoastUSA,ST4300HF,1208791071,SPOT,R/S,,LAT-5,41.2604,-125.0157,8/5/2018 14:48:00,150,R/V Ruben Lasker,10/22/2018 9:00:00,42.04,-124.485,R/V Ruben Lasker,12,2,1,856049,2,856068,NA,NA,NA,8/5/2018 15:27:50,9/22/2018 18:09:50,2,20,288,Cory Hom-Weaver,good,20,288000,CCES_007,NA,No,NA,NA,NA,NA,NA,NA,No,No,10,No,NA,NA,NA,NA,NA,,NA,No NMS entered,NA,"Drift 7 grounded and was retrieved by Gary Friedrichson using his small boat from shore around 1900 UTC on 9/22/2018, low frequency strumming under 100 Hz"
CCES,8,HUM,CCES2018,Complete,drift,WCoastUSA,ST4300HF,1678016538,SPOT,T/U,,LAT-6,38.9485,-126.6449,8/16/2018 2:34:00,150,R/V Ruben Lasker,10/10/2018 16:53:00,34.3774,-128.3174,R/V Ruben Lasker,D,2,1,856095,2,856041,NA,NA,NA,8/16/2018 4:38:04,10/1/2018 1:59:55,2,20,288,Cory Hom-Weaver,good,30,288000,CCES_008,NA,No,NA,NA,NA,NA,NA,NA,No,10,10,No,NA,NA,NA,NA,NA,,NA,No NMS entered,NA,Low frequency strumming under 50 Hz
CCES,10,PTA,CCES2018,Complete,drift,WCoastUSA,ST4300HF,1208786975,SPOT,Z/AA,,LAT-8,36.7607,-125.0584,8/22/2018 2:11:00,150,R/V Ruben Lasker,10/22/2018 0:21:00,35.9671,-122.9397,R/V Ruben Lasker,E,2,1,856096,2,856044,NA,NA,NA,8/22/2018 2:24:55,10/21/2018 23:48:58,2,20,576,Cory Hom-Weaver,good,30,576000,CCES_010,NA,No,NA,NA,NA,NA,NA,NA,No,No,10,No,NA,NA,NA,NA,NA,,NA,MBNMS,NA,Low frequency strumming under 30 Hz
CCES,12,MOB,CCES2018,Complete,drift,WCoastUSA,ST4300HF,1544081436,SPOT,C/D,,LAT-10,34.8303,-123.8146,8/30/2018 2:34:00,150,R/V Ruben Lasker,10/6/2018 17:08:00,34.0316,-124.3911,R/V Ruben Lasker,G,2,1,856097,2,856017,NA,NA,NA,8/30/2018 2:58:44,10/6/2018 17:00:44,2,20,288,Cory Hom-Weaver,good,20,288000,CCES_012,NA,No,NA,NA,NA,NA,NA,NA,No,10,10,No,NA,NA,NA,NA,NA,,NA,No NMS entered,NA,Low frequency strumming under 100 Hz
CCES,13,CHI,CCES2018,Complete,drift,WCoastUSA,ST4300HF,1677738025,SPOT,X/Y,,LAT-11,33.898,-120.9078,9/11/2018 20:35:00,150,R/V Ruben Lasker,10/23/2018 14:34:00,31.4444,-119.7754,R/V Ruben Lasker,H,2,1,856051,2,856067,NA,NA,NA,9/11/2018 20:56:28,10/23/2018 13:58:28,2,20,288,Cory Hom-Weaver,good,25,288000,CCES_013,NA,No,NA,NA,NA,NA,NA,NA,No,10,10,No,NA,NA,NA,NA,NA,,NA,CHNMS,NA,Low frequency strumming under 50 Hz
CCES,14,BCN,CCES2018,Complete,drift,WCoastUSA,ST4300HF,1208791071,SPOT,A/B,,LAT-5,32.2688,-118.2563,10/5/2018 5:46:00,150,R/V Ruben Lasker,11/1/2018 16:55:00,31.9507,-119.2481,R/V Ruben Lasker,J,2,1,856048,2,856059,NA,NA,NA,10/5/2018 6:01:04,11/1/2018 16:43:04,2,20,576,Cory Hom-Weaver,good,30,576000,CCES_014,NA,No,NA,NA,NA,NA,NA,NA,No,10,10,No,NA,NA,NA,NA,NA,,NA,No NMS entered,NA,Low frequency strumming under 30 Hz; frequent mid-frequency active sonar (2-10 kHz) throughout
CCES,16,BCN,CCES2018,Complete,drift,WCoastUSA,ST4300HF,1543770129,SPOT,R/S,,NA,31.3534,-117.4199,10/30/2018 14:33:00,150,R/V Ruben Lasker,11/21/2018 4:18:00,32.1253,-118.0337,R/V Ruben Lasker,12,2,1,856049,2,856068,NA,NA,NA,10/30/2018 14:49:37,11/15/2018 23:01:37,2,10,576,Cory Hom-Weaver,good,30,576000,CCES_016,NA,No,NA,NA,NA,NA,NA,NA,No,10,10,No,NA,NA,NA,NA,NA,,NA,No NMS entered,NA,Low frequency strumming under 50 Hz
CCES,17,BCN,CCES2018,Complete,drift,WCoastUSA,SM3M,SM3M_3,SPOT,E/K,,OT-6,30.725,-118.6933,10/31/2018 0:02:00,100,R/V Ruben Lasker,11/24/2018 4:31:00,28.2857,-118.4385,R/V Ruben Lasker,3,2,1,856073,2,856040,NA,NA,NA,10/31/2018 0:00:00,11/24/2018 4:30:00,2,4,256,,compromised,0,256000,CCES_017,2,No,NA,NA,NA,NA,NA,NA,No,No,No,No,NA,NA,NA,NA,NA,,NA,No NMS entered,NA,NA
CCES,18,BCN,CCES2018,Complete,drift,WCoastUSA,ST4300HF,1208786975,SPOT,Z/AA,,LAT-8,30.0108,-120.1815,10/31/2018 9:58:00,150,R/V Ruben Lasker,11/23/2018 18:41:00,29.5059,-118.8216,R/V Ruben Lasker,E,2,1,856096,2,856044,NA,NA,NA,10/31/2018 10:05:29,11/16/2018 4:12:29,2,6,576,Cory Hom-Weaver,good,0,576000,CCES_018,NA,No,NA,NA,NA,NA,NA,NA,No,No,10,No,NA,NA,NA,NA,NA,,NA,No NMS entered,NA,NA
CCES,19,BCN,CCES2018,Complete,drift,WCoastUSA,ST4300HF,1678016538,SPOT,T/U,,LAT-6,30.0477,-117.4605,11/1/2018 2:11:00,150,R/V Ruben Lasker,11/27/2018 14:20:00,28.4041,-115.5497,R/V Ruben Lasker,D,2,1,856095,2,856041,NA,NA,NA,11/1/2018 2:23:12,11/18/2018 12:54:48,2,10,576,Cory Hom-Weaver,good,30,576000,CCES_019,NA,No,NA,NA,NA,NA,NA,NA,No,10,10,No,NA,NA,NA,NA,NA,,NA,No NMS entered,NA,"Low frequency strumming under 50 Hz, Overlaps with day light savings time change"
CCES,20,BCN,CCES2018,Complete,drift,WCoastUSA,ST4300HF,1677738025,SPOT,X/Y,,LAT-11,29.459,-118.393,11/5/2018 14:04:00,150,R/V Ruben Lasker,11/22/2018 19:21:00,29.392,-116.3355,R/V Ruben Lasker,G,2,1,856097,2,856017,NA,NA,NA,11/5/2018 14:22:39,11/22/2018 9:16:43,2,10,576,Cory Hom-Weaver,good,20,576000,CCES_020,NA,No,NA,NA,NA,NA,NA,NA,No,10,10,No,NA,NA,NA,NA,NA,,NA,No NMS entered,NA,Low frequency strumming under 50 Hz
CCES,21,BCN,CCES2018,Complete,drift,WCoastUSA,ST4300HF,1208791071,SPOT,A/B,,NA,29.4677,-116.012,11/6/2018 3:43:00,150,R/V Ruben Lasker,11/11/2018 9:29:00,29.8233,-116.0796,R/V Ruben Lasker,J,2,1,856048,2,856059,NA,NA,NA,11/6/2018 3:58:51,11/11/2018 9:12:51,2,6,576,Cory Hom-Weaver,good,50,576000,CCES_021,NA,No,NA,NA,NA,NA,NA,NA,No,10,10,No,NA,NA,NA,NA,NA,,NA,No NMS entered,NA,"no depth data, Low frequency strumming and knocking under 50 Hz"
CCES,22,BCN,CCES2018,Complete,drift,WCoastUSA,ST4300HF,1544081436,SPOT,C/D,,LAT-10,28.7247,-116.4778,11/7/2018 14:04:00,150,R/V Ruben Lasker,11/27/2018 4:55:00,28.2846,-116.6829,R/V Ruben Lasker,H,2,1,856051,2,856067,NA,NA,NA,11/7/2018 14:23:49,11/23/2018 18:55:49,2,10,576,Cory Hom-Weaver,good,25,576000,CCES_022,NA,No,NA,NA,NA,NA,NA,NA,No,10,10,No,NA,NA,NA,NA,NA,,NA,No NMS entered,NA,Low frequency strumming and knocking under 100 Hz
CCES,23,BCN,CCES2018,Complete,drift,WCoastUSA,ST4300HF,1208791071,SPOT,A/B,,NA,30.9285,-117.3812,11/22/2018 8:10:00,150,R/V Ruben Lasker,12/3/2018 0:25:00,31.0542,-119.0123,R/V Ruben Lasker,J,2,1,856048,2,856059,NA,NA,NA,11/22/2018 8:28:24,12/3/2018 0:49:11,2,5,576,Cory Hom-Weaver,good,20,576000,CCES_023,NA,No,NA,NA,NA,NA,NA,NA,No,10,10,No,NA,NA,NA,NA,NA,,NA,No NMS entered,NA,"no depth data, Low frequency strumming and knocking under 50 Hz, ship noise under 250 Hz"
MB,1,DP,NA,Complete,moored,WCoastUSA,ST500HF,671641636,NA,NA,NA,NA,36.986333,-122.195194,8/6/2019 0:00:00,33,R/V Paragon (MBARI),10/23/2019 0:00:00,36.986333,-122.195194,R/V Paragon (MBARI),NA,1,1,,2,,3,,NA,8/6/2019 16:00:00,10/23/2019 18:08:00,60,60,96,,excellent,0,48,DP01,NA,Yes,12dB,200 us,1000us,Yes,500 us,500 us,NA,NA,NA,No,Yes,Yes - Bucket,58326,93,1.2 cm (new),,,,"Anne Simonis, Jared Figurski, Meghan Ignatowicz, Katherine Whitaker","Off Davenport Beach, 3-256 GB external cards, started recording with remote at dock."
MB,2,DP,NA,Complete,moored,WCoastUSA,ST500HF,671641636,NA,NA,NA,NA,36.9863,-122.185308,10/23/2019 0:00:00,33,R/V Paragon (MBARI),2/26/2020 0:00:00,36.9863,-122.185308,R/V Paragon (MBARI),NA,1,1,,2,,3,,NA,10/23/2019 22:17:00,2/26/2020 12:46:31,60,60,96,,excellent,0,48,DP02,NA,Yes,12dB,200 us,1000us,Yes,500 us,500 us,NA,NA,NA,No,Yes,Yes - Bucket,58326,93,some wear - see photos,,,,"Anne Simonis, Jared Figurski, Katherine Whitaker","Off Davenport Beach, 2-256 GB external cards, =Deployed with two 18 lb buoys (added one) to prevent failure of weight retrieval system"
MB,1,MA,NA,Complete,moored,WCoastUSA,ST300HF,1208537119,NA,NA,NA,NA,36.69643,-121.82996,10/23/2019 0:00:00,33,R/V Paragon (MBARI),2/27/2020 0:00:00,36.69643,-121.82996, R/V Fulmar (MBNMS),NA,1,1,,2,,3,,High,10/23/2019 22:09:00,12/6/2019 6:22:24,10,30,48,,excellent,0,24,MA01,NA,Yes,12dB,200 us,1000us,Yes,500 us,500 us,NA,No,No,No,Yes,Yes-Bucket,58322,89,--,,,,"Anne Simonis, Jared Figurski, Katherine Whitaker","GPS Label on Paragon ""AC-MR"""
PASCAL,1,ORE,PASCAL,Complete,drift,WCoastUSA,ST4300,8505,Spot,"F, G",NA,NA,44.35261667,-125.3065833,8/19/2016 17:14:13,100,R/V Shimada,8/31/2016 15:04:41,43.28963,-126.28662,R/V Shimada,B-5,2,1,856052,2,856063,n/a,n/a,NA,8/20/2016 2:20:07,8/31/2016 14:42:00,2,10,288,Cory Hom-Weaver,compromised,250,144000,PASCAL_001,NA,NA,NA,NA,NA,NA,NA,NA,No,No,No,NA,NA,NA,NA,NA,NA,,NA,No NMS entered,Shannon Rankin,
PASCAL,2,HUM,PASCAL,Complete,drift,WCoastUSA,ST4300,0773,Spot,"P, Q",NA,OT-1,41.48988333,-125.3636,8/21/2016 6:43:25,100,R/V Shimada,9/1/2016 2:19:50,41.89747,-125.31944,R/V Shimada,B-6,2,1,856061,2,856056,n/a,n/a,NA,8/20/2016 18:44:06,9/1/2016 2:06:05,2,10,288,Cory Hom-Weaver,good,28,144000,PASCAL_002,NA,NA,NA,NA,NA,NA,NA,NA,,,,NA,NA,NA,NA,NA,NA,,NA,No NMS entered,Shannon Rankin,
PASCAL,3,MND,PASCAL,Complete,drift,WCoastUSA,ST4300,2438,Spot,"R, S",NA,NA,38.57328333,-124.3630667,8/21/2016 10:41:47,100,R/V Shimada,9/2/2016 16:30:42,38.08465,-124.03339,R/V Shimada,B-7,2,1,856051,2,856067,n/a,n/a,NA,8/21/2016 10:37:16,9/2/2016 16:39:16,2,10,288,Cory Hom-Weaver,compromised,250,144000,PASCAL_003,NA,NA,NA,NA,NA,NA,NA,NA,,,,NA,NA,NA,NA,NA,NA,,NA,"CBNMS, GFNMS",Shannon Rankin,
PASCAL,4,MBY,PASCAL,Complete,drift,WCoastUSA,ST4300,2634,Spot,"T, U",NA,NA,36.34588333,-122.9485333,8/22/2016 0:34:38,100,R/V Shimada,9/3/2016 19:11:44,36.04671,-122.68306,R/V Shimada,B-8,2,1,856060,2,856058,n/a,n/a,NA,8/22/2016 0:28:27,9/3/2016 19:14:33,2,10,288,Cory Hom-Weaver,good,70,144000,PASCAL_004,NA,NA,NA,NA,NA,NA,NA,NA,,,,NA,NA,NA,NA,NA,NA,,NA,No NMS entered,Shannon Rankin,
PASCAL,5,CHI,PASCAL,Complete,drift,WCoastUSA,ST4300,8677,Spot,"X, Y",NA,OT-3,34.21,-121.4316667,8/22/2016 15:05:24,100,R/V Shimada,9/4/2016 22:51:13,33.99318,-121.7215,R/V Shimada,B-9,2,1,856048,2,856059,n/a,n/a,NA,8/22/2016 15:03:58,9/4/2016 22:55:57,2,10,288,Cory Hom-Weaver,good,0,144000,PASCAL_005,NA,NA,NA,NA,NA,NA,NA,NA,,,,NA,NA,NA,NA,NA,NA,,NA,CHNMS,Shannon Rankin,
PASCAL,6,BCN,PASCAL,Complete,drift,WCoastUSA,ST4300,6538,Spot,"Z, AA",NA,NA,32.19448333,-119.9124333,8/24/2016 13:00:00,100,R/V Shimada,9/12/2016 12:53:21,32.60741,-119.49986,R/V Shimada,B-10,2,1,856053,2,856064,n/a,n/a,NA,8/24/2016 13:00:23,8/30/2016 3:29:26,2,2,288,Cory Hom-Weaver,compromised,230,144000,PASCAL_006,NA,NA,NA,NA,NA,NA,NA,NA,,,,NA,NA,NA,NA,NA,NA,,NA,No NMS entered,Shannon Rankin,"Recorded continuously instead of duty-cycle. LTSA looks noisy, possibly from electrical noise"
PASCAL,7,BCN,PASCAL,Complete,drift,WCoastUSA,SM3M,SM3M #1,Spot,"Gen-C, A",NA,NA,31.36931667,-123.70755,8/25/2016 9:31:29,100,R/V Shimada,9/13/2016 9:29:54,30.24416,-122.39265,R/V Shimada,B-1,2,1,856045,2,856042,n/a,n/a,NA,8/25/2016 9:30:06,9/13/2016 9:30:03,Continuous,NA,256,Cory Hom-Weaver,compromised,250,128000,PASCAL_007,NA,NA,NA,NA,NA,NA,NA,NA,,,,NA,NA,NA,NA,NA,NA,,NA,No NMS entered,Shannon Rankin,"SM3M recorders were set to record continuously, with each hour consisting of 29 2 min files at a 256 kHz sampling rate followed by one 2 min file at 96 kHz sampling rate (for cleaner ocean noise measurements. Electrical noise between 40-55kHz. Also LTSA reads normally until 9/10/2016 then something weird happened?"
PASCAL,8,CHI,PASCAL,Complete,drift,WCoastUSA,SM2Bat,SM2+Bat #1,Spot,"H, I",NA,OT-4; SM2+,33.76465,-125.9156167,8/26/2016 4:56:14,100,R/V Shimada,9/14/2016 11:39:54,33.95017,-125.3851,R/V Shimada,W-1,2,1,856028,2,856025,n/a,n/a,NA,8/26/2016 4:56:00,9/14/2016 2:46:00,2,4,192,Cory Hom-Weaver,compromised,250,96000,PASCAL_008,NA,NA,NA,NA,NA,NA,NA,NA,,,,NA,NA,NA,NA,NA,NA,,NA,No NMS entered,Shannon Rankin,"Noisy below 20 kHz; Good above. SM2Bat, banding throughout LTSA and recordings"
PASCAL,9,MBY,PASCAL,Complete,drift,WCoastUSA,ST300,3689,Spot,"AB, AC",NA,NA,36.54101667,-127.5716667,8/27/2016 0:30:47,100,R/V Shimada,9/15/2016 13:04:56,36.99042,-128.64151,R/V Shimada,B-11,1,1,201883689,n/a,n/a,n/a,n/a,NA,8/27/2016 2:14:57,9/15/2016 20:12:13,2,2,48,Cory Hom-Weaver,good,0,24000,PASCAL_009,NA,NA,NA,NA,NA,NA,NA,NA,,,,NA,NA,NA,NA,NA,NA,,NA,No NMS entered,Shannon Rankin,This was a soundtrap on the same array but at depth. I've briefly scanned through the full bandwidth LTSA and the recordings look good. No noise log
PASCAL,9,MBY,PASCAL,Complete,drift,WCoastUSA,ST4300,1436,Spot,"AB, AC",NA,NA,36.54101667,-127.5716667,8/27/2016 0:30:47,100,R/V Shimada,9/15/2016 13:04:56,36.99042,-128.64151,R/V Shimada,B-11,2,1,856050,2,856065,n/a,n/a,NA,8/27/2016 0:22:14,9/15/2016 13:04:14,2,10,288,Cory Hom-Weaver,good,0,288000,PASCAL_009,NA,NA,NA,NA,NA,NA,NA,NA,,,,NA,NA,NA,NA,NA,NA,,NA,No NMS entered,Shannon Rankin,This is the SoundTrap used for the ADRIFT analysis
PASCAL,10,MND,PASCAL,Complete,drift,WCoastUSA,SM3M,SM3M #2,Spot,"C, V",NA,OT-5,39.24718333,-129.1932167,8/27/2016 17:45:53,100,R/V Shimada,9/16/2016 4:22:18,39.1791,-129.75836,R/V Shimada,B-2,2,1,856046,2,856039,n/a,n/a,NA,8/27/2016 17:44:06,9/17/2016 4:24:05,Continuous,NA,256,Cory Hom-Weaver,good,30,256000,PASCAL_010,NA,NA,NA,NA,NA,NA,NA,NA,,,,NA,NA,NA,NA,NA,NA,,NA,No NMS entered,Shannon Rankin,"SM3M recorders were set to record continuously, with each hour consisting of 29 2 min files at a 256 kHz sampling rate followed by one 2 min file at 96 kHz sampling rate (for cleaner ocean noise measurements. SM3M, banding throughout LTSA and recordings"
PASCAL,11,ORE,PASCAL,Complete,drift,WCoastUSA,SM2Bat,SM2+Bat #2,Spot,"J, K",NA,SM2+,42.23778333,-129.8487333,8/28/2016 12:47:37,100,R/V Shimada,9/17/2016 4:18:38,42.7939,-129.8728,R/V Shimada,W-2,2,1,856019,2,856023,n/a,n/a,NA,8/28/2016 12:44:00,9/17/2016 4:18:00,2,4,192,Cory Hom-Weaver,compromised,250,96000,PASCAL_011,NA,NA,NA,NA,NA,NA,NA,NA,,,,NA,NA,NA,NA,NA,NA,,NA,No NMS entered,Shannon Rankin,"SM2Bat, banding throughout LTSA and recordings. No depth data"
PASCAL,12,COL,PASCAL,Complete,drift,WCoastUSA,ST4300,0774,Spot,"AD, AE",NA,NA,45.26296667,-129.7797333,8/29/2016 9:10:25,100,R/V Shimada,9/17/2016 19:55:07,45.36871,-129.07204,R/V Shimada,B-12,2,1,856049,2,856068,n/a,n/a,NA,8/29/2016 9:01:46,9/17/2016 19:53:46,2,10,288,Cory Hom-Weaver,good,27,144000,PASCAL_012,NA,NA,NA,NA,NA,NA,NA,NA,,,,NA,NA,NA,NA,NA,NA,,NA,No NMS entered,Shannon Rankin,
PASCAL,13,COL,PASCAL,Complete,drift,WCoastUSA,SM3M,SM3M #3,Spot,"Gen-D, D",NA,OT-6,46.22913333,-127.6061667,8/29/2016 20:51:57,100,R/V Shimada,9/18/2016 4:00:12,46.32899,-128.11394,R/V Shimada,B-3,2,1,856044,2,856040,n/a,n/a,NA,8/29/2016 20:50:05,9/15/2016 17:26:06,2,2,256,Cory Hom-Weaver,compromised,250,128000,PASCAL_013,NA,NA,NA,NA,NA,NA,NA,NA,,,,NA,NA,NA,NA,NA,NA,,NA,No NMS entered,Shannon Rankin,"SM3M recorders were set to record continuously, with each hour consisting of 29 2 min files at a 256 kHz sampling rate followed by one 2 min file at 96 kHz sampling rate (for cleaner ocean noise measurements)"
PASCAL,14,WAS,PASCAL,Unusable,drift,WCoastUSA,SM2Bat,SM2+Bat #3,Spot,"L, M",NA,SM2+,47.10786667,-125.6051167,8/30/2016 7:51:05,100,R/V Shimada,9/18/2016 16:08:10,47.10995,-125.37518,R/V Shimada,W-3,2,1,856027,2,856022,n/a,n/a,NA,8/30/2016 7:48:00,9/18/2016 16:10:00,2,4,192,Cory Hom-Weaver,unusable,NA,96000,PASCAL_014,NA,NA,NA,NA,NA,NA,NA,NA,,,,NA,NA,NA,NA,NA,NA,,NA,No NMS entered,Shannon Rankin,Noisy; NOT usable. No depth data
PASCAL,15,ORE,PASCAL,Complete,drift,WCoastUSA,ST4300,8025,Spot,"AF, AG",NA,NA,43.68206667,-127.7441667,8/31/2016 7:11:05,100,R/V Shimada,9/16/2016 20:27:05,41.63644,-129.2764,R/V Shimada,B-13,2,1,856055,2,856066,n/a,n/a,NA,8/31/2016 7:11:39,9/5/2016 4:48:43,2,2,288,Cory Hom-Weaver,good,24,144000,PASCAL_015,NA,NA,NA,NA,NA,NA,NA,NA,,,,NA,NA,NA,NA,NA,NA,,NA,No NMS entered,Shannon Rankin,Recorded continuously instead of duty-cycle
PASCAL,16,HUM,PASCAL,Complete,drift,WCoastUSA,ST4300,4581,Spot,"AH, AI",NA,OT-7,40.81186667,-127.5371667,9/1/2016 13:20:15,100,R/V Shimada,9/20/2016 23:57:07,39.43269,-127.61221,R/V Shimada,B-14,2,1,856054,2,856057,n/a,n/a,NA,9/1/2016 13:22:02,9/21/2016 0:04:02,2,10,288,Cory Hom-Weaver,compromised,100,144000,PASCAL_016,NA,NA,NA,NA,NA,NA,NA,NA,,,,NA,NA,NA,NA,NA,NA,,NA,No NMS entered,Shannon Rankin,
PASCAL,17,PTA,PASCAL,Complete,drift,WCoastUSA,SM3M,SM3M #4,Spot,"Gen-A, B",NA,NA,38.5191,-126.6401333,9/2/2016 3:55:42,100,R/V Shimada,9/21/2016 23:11:20,36.51007,-124.621,R/V Shimada,B-4,2,1,856041,2,856043,n/a,n/a,NA,9/2/2016 3:54:06,9/21/2016 23:14:00,Continuous,NA,256,Cory Hom-Weaver,compromised,105,128000,PASCAL_017,NA,NA,NA,NA,NA,NA,NA,NA,,,,NA,NA,NA,NA,NA,NA,,NA,No NMS entered,Shannon Rankin,"SM3M recorders were set to record continuously, with each hour consisting of 29 2 min files at a 256 kHz sampling rate followed by one 2 min file at 96 kHz sampling rate (for cleaner ocean noise measurements"
PASCAL,18,MBY,PASCAL,Complete,drift,WCoastUSA,SM2Bat,SM2+Bat #4,Spot,"N, O",NA,SM2+,35.84186667,-124.9150833,9/3/2016 5:34:44,100,R/V Shimada,9/22/2016 11:48:22,34.37835,-124.51677,R/V Shimada,W-4,2,1,856026,2,Unknown,n/a,n/a,NA,9/3/2016 5:32:00,9/22/2016 11:50:00,2,4,192,Cory Hom-Weaver,good,0,96000,PASCAL_018,NA,NA,NA,NA,NA,NA,NA,NA,,,,NA,NA,NA,NA,NA,NA,,NA,No NMS entered,Shannon Rankin,No depth data
PASCAL,19,CHI,PASCAL,Complete,drift,WCoastUSA,ST4300,0129,Spot,"AJ, AK",NA,NA,33.2154,-123.1555333,9/4/2016 11:49:02,100,R/V Shimada,9/23/2016 6:59:23,31.83393,-122.06117,R/V Shimada,B-15,2,1,856047,2,856062,n/a,n/a,NA,9/4/2016 1:47:23,9/23/2016 6:59:22,2,10,288,Cory Hom-Weaver,good,46,144000,PASCAL_019,NA,NA,NA,NA,NA,NA,NA,NA,,,,NA,NA,NA,NA,NA,NA,,NA,No NMS entered,Shannon Rankin,
PASCAL,20,CHI,PASCAL,Complete,drift,WCoastUSA,ST4300,0773,Spot,"P, Q",NA,OT-12,33.14258333,-118.9932,9/6/2016 1:35:28,100,R/V Shimada,9/29/2016 5:07:18,33.73135,-120.94728,R/V Shimada,B-6,2,1,856061,2,856056,n/a,n/a,NA,9/7/2016 2:37:11,9/29/2016 5:18:16,2,10,288,Cory Hom-Weaver,compromised,167,144000,PASCAL_020,NA,NA,NA,NA,NA,NA,NA,NA,,,,NA,NA,NA,NA,NA,NA,,NA,No NMS entered,Shannon Rankin,
PASCAL,21,MOB,PASCAL,Complete,drift,WCoastUSA,ST4300,8505,Spot,"T, U",NA,NA,35.29181667,-122.2448333,9/4/2016 0:05:17,100,R/V Shimada,9/25/2016 10:03:07,36.0036,-122.56168,R/V Shimada,B-8,2,1,856060,2,856058,n/a,n/a,NA,9/3/2016 23:54:34,9/25/2016 10:02:46,2,10,288,Cory Hom-Weaver,good,0,144000,PASCAL_021,NA,NA,NA,NA,NA,NA,NA,NA,,,,NA,NA,NA,NA,NA,NA,,NA,MBNMS,Shannon Rankin,Sea Mount San Juan
PASCAL,22,SND,PASCAL,Complete,drift,WCoastUSA,ST4300,2634,Spot,"F, G",NA,OT-32,33.05618333,-120.98895,9/5/2016 6:45:44,100,R/V Shimada,9/28/2016 17:04:08,34.24002,-120.95419,R/V Shimada,B-5,2,1,856048,2,856059,n/a,n/a,NA,9/5/2016 6:46:25,9/28/2016 17:06:40,2,10,288,Cory Hom-Weaver,compromised,106,144000,PASCAL_022,NA,NA,NA,NA,NA,NA,NA,NA,,,,NA,NA,NA,NA,NA,NA,,NA,CHNMS,Shannon Rankin,Sea Mount San Juan
PASCAL,23,SND,PASCAL,Complete,drift,WCoastUSA,ST4300,8677,Spot,"R, S",NA,OT-42,33.0006,-121.0014,9/24/2016 1:37:36,100,R/V Shimada,9/28/2016 0:54:00,33.10899,-120.92377,R/V Shimada,B-7,2,1,856054,2,856057,n/a,n/a,NA,9/24/2016 0:37:42,9/28/2016 0:57:46,2,2,288,Cory Hom-Weaver,good,26,144000,PASCAL_023,NA,NA,NA,NA,NA,NA,NA,NA,,,,NA,NA,NA,NA,NA,NA,,NA,No NMS entered,Shannon Rankin,Sea Mount San Juan
PASCAL,24,SND,PASCAL,Complete,drift,WCoastUSA,ST300,9174,Spot,"X, Y",NA,OT-52,33.07993333,-120.98435,9/24/2016 2:30:18,100,R/V Shimada,9/28/2016 1:51:21,33.14318,-120.80576,R/V Shimada,B-9,1,1,1678299174,n/a,n/a,n/a,n/a,NA,9/24/2016 1:46:49,9/28/2016 2:11:14,2,2,288,Cory Hom-Weaver,good,0,144000,PASCAL_024,NA,NA,NA,NA,NA,NA,NA,NA,,,,NA,NA,NA,NA,NA,NA,,NA,No NMS entered,Shannon Rankin,Sea Mount San Juan. This was a soundtrap on the same array but at depth. I've briefly scanned through the full bandwidth LTSA and the recordings look good. No noise log
PASCAL,24,SND,PASCAL,Complete,drift,WCoastUSA,ST4300,6538,Spot,"X, Y",NA,OT-52,33.07993333,-120.98435,9/24/2016 2:30:18,100,R/V Shimada,9/28/2016 1:51:21,33.14318,-120.80576,R/V Shimada,B-9,2,1,856052,2,856063,n/a,n/a,NA,9/24/2016 1:47:57,9/28/2016 2:09:43,2,2,288,Cory Hom-Weaver,good,0,144000,PASCAL_024,NA,NA,NA,NA,NA,NA,NA,NA,,,,NA,NA,NA,NA,NA,NA,,NA,No NMS entered,Shannon Rankin,Recorded continuously insteado duty-cycle. Sea Mount San Juan
PASCAL,25,SND,PASCAL,Complete,drift,WCoastUSA,ST4300,1436,Spot,"Z, AA",NA,NA,33.1353,-121.0613833,9/24/2016 4:08:38,100,R/V Shimada,9/28/2016 2:38:48,33.1833,-120.74837,R/V Shimada,B-10,2,1,856053,2,856064,n/a,n/a,NA,9/24/2016 4:09:39,9/28/2016 2:25:43,2,2,288,Cory Hom-Weaver,good,47,144000,PASCAL_025,NA,NA,NA,NA,NA,NA,NA,NA,,,,NA,NA,NA,NA,NA,NA,,NA,No NMS entered,Shannon Rankin,Recorded continuously insteado duty-cycle. Sea Mount San Juan
PASCAL,26,CHI,PASCAL,Complete,drift,WCoastUSA,ST300,3689,Spot,"AB, AC",NA,OT-62,34.35036667,-121.0784,9/24/2016 15:16:01,250,R/V Shimada,9/26/2016 4:19:07,34.08626,-120.84152,R/V Shimada,B-11,1,1,201883689,n/a,n/a,n/a,n/a,NA,9/24/2016 15:15:59,9/26/2016 4:22:03,2,2,288,Cory Hom-Weaver,good,0,144000,PASCAL_026,NA,NA,NA,NA,NA,NA,NA,NA,,,,NA,NA,NA,NA,NA,NA,,NA,CHNMS,Shannon Rankin,"Station 26 and 29 are on the same recorder. Data All Good. 2nd recorder was at 250m, Sea Mount Rodriguez. This was a soundtrap on the same array but at depth. I've briefly scanned through the full bandwidth LTSA and the recordings look good. No noise log"
PASCAL,26,CHI,PASCAL,Complete,drift,WCoastUSA,ST4300,0774,Spot,"AB, AC",NA,OT-62,34.35036667,-121.0784,9/24/2016 15:16:01,100,R/V Shimada,9/26/2016 4:19:07,34.08626,-120.84152,R/V Shimada,B-11,2,1,856050,2,856065,n/a,n/a,NA,9/24/2016 15:15:28,9/26/2016 4:21:29,2,2,288,Cory Hom-Weaver,good,0,144000,PASCAL_026,NA,NA,NA,NA,NA,NA,NA,NA,,,,NA,NA,NA,NA,NA,NA,,NA,CHNMS,Shannon Rankin,Recorded continuously insteado duty-cycle. Sea Mount Rodriguez
PASCAL,27,CHI,PASCAL,Complete,drift,WCoastUSA,ST4300,8025,Spot,"AD, AE",NA,NA,34.05741667,-121.0491833,9/24/2016 15:49:32,100,R/V Shimada,9/26/2016 3:52:20,34.10227,-120.85547,R/V Shimada,B-12,2,1,856049,2,856068,n/a,n/a,NA,9/24/2016 15:49:50,9/26/2016 3:53:51,2,2,288,Cory Hom-Weaver,good,0,144000,PASCAL_027,NA,NA,NA,NA,NA,NA,NA,NA,,,,NA,NA,NA,NA,NA,NA,,NA,CHNMS,Shannon Rankin,"Station 27 and 30 are on the same recorder. Data All Good, Sea Mount Rodriguez"
PASCAL,28,CHI,PASCAL,Complete,drift,WCoastUSA,ST4300,4581,Spot,"AF, AG",NA,OT-72,33.97393333,-120.9855667,9/24/2016 16:40:10,100,R/V Shimada,9/29/2016 2:57:31,33.86065,-121.26205,R/V Shimada,B-13,2,1,856055,2,856066,n/a,n/a,NA,9/24/2016 16:40:33,9/29/2016 3:38:00,2,2,288,Cory Hom-Weaver,good,0,144000,PASCAL_028,NA,NA,NA,NA,NA,NA,NA,NA,,,,NA,NA,NA,NA,NA,NA,,NA,CHNMS,Shannon Rankin,Sea Mount Rodriguez
PASCAL,29,CHI,PASCAL,Complete,drift,WCoastUSA,ST4300,0774,Spot,"AB, AC",NA,OT-62,34.05123333,-121.0512333,9/26/2016 5:40:28,100,R/V Shimada,9/28/2016 14:16:43,33.96885,-120.87064,R/V Shimada,B-11,2,1,856050,2,856065,n/a,n/a,NA,9/26/2016 5:39:29,9/28/2016 14:17:32,2,2,288,Cory Hom-Weaver,compromised,250,144000,PASCAL_029,NA,NA,NA,NA,NA,NA,NA,NA,,,,NA,NA,NA,NA,NA,NA,,NA,CHNMS,Shannon Rankin,"Station 29 is the redeployment of station 26 where the DASBR was picked up and redeployed without turning off the recorder. Data All Good. 2nd recorder was at 250m, Sea Mount Rodriguez"
PASCAL,29,CHI,PASCAL,Complete,drift,WCoastUSA,ST300,3689,Spot,"AB, AC",NA,OT-62,34.05123333,-121.0512333,9/26/2016 5:40:28,250,R/V Shimada,9/28/2016 14:16:43,33.96885,-120.87064,R/V Shimada,B-11,1,1,201883689,n/a,n/a,n/a,n/a,NA,9/26/2016 5:42:04,9/28/2016 14:18:11,2,2,288,Cory Hom-Weaver,good,0,144000,PASCAL_029,NA,NA,NA,NA,NA,NA,NA,NA,,,,NA,NA,NA,NA,NA,NA,,NA,CHNMS,Shannon Rankin,Sea Mount Rodriguez. This was a soundtrap on the same array but at depth. I've briefly scanned through the full bandwidth LTSA and the recordings look good. No noise log
PASCAL,30,CHI,PASCAL,Complete,drift,WCoastUSA,ST4300,8025,Spot,"AD, AE",NA,NA,34.03533333,-121.0779167,9/26/2016 6:07:42,100,R/V Shimada,9/28/2016 15:12:32,34.01502,-120.86354,R/V Shimada,B-12,2,1,856049,2,856068,n/a,n/a,NA,9/26/2016 6:07:52,9/28/2016 15:13:54,2,2,288,Cory Hom-Weaver,good,0,144000,PASCAL_030,NA,NA,NA,NA,NA,NA,NA,NA,,,,NA,NA,NA,NA,NA,NA,,NA,CHNMS,Shannon Rankin,"Station 30 is the redeployment of station 27 where the DASBR was picked up and redeployed without turning off the recorder. Data All Good, Sea Mount Rodriguez"
MB,1,PP,NA,Complete,moored,WCoastUSA,ST300HF,1208528927,NA,NA,NA,NA,36.64803,-121.90788,10/23/2019 0:00:00,73,R/V Paragon (MBARI),2/26/2020 0:00:00,36.64803,-121.90788, R4107 (MBNMS),NA,1,1,,2,,3,,High,10/23/2019 21:40:00,2/27/2020 16:10:01,10,30,48,,good,0,24,PP01,NA,Yes,12dB,200 us,1000us,Yes,500 us,500 us,NA,No,No,No,Yes,No,58325,,--,,,,"Anne Simonis, Jared Figurski, Katherine Whitaker",Site chosen as comparison to John Joseph's (Naval Postgraduate School) Pt. Pinos station
POSIT,1,RP,NA,Complete,moored,WCoastUSA,ST300HF,1208528927,NA,NA,NA,NA,36.397139,-121.912556,8/5/2019 0:00:00,31,R/V Paragon (MBARI),10/7/2019 0:00:00,36.397139,-121.912556,R/V Paragon (MBARI),NA,1,1,,2,,3,,High,8/5/2019 19:00:00,10/7/2019 16:00:00,2,6,96,,good,0,48,RP01,Off,Yes,12dB,70 us,1000us,Yes,500 us,500us,NA,No,60,No,Yes,Yes - Bucket,58322,89,1.2 cm (new),,,,"Anne Simonis, John Ryan, Jared Figurski, Sarah Malette, Meghan Ignatowicz","Deployed at Rocky Point, on edge of kelp, drop cam verified orientation of mooring & presence of rock fish, estimated endurance= 64 days (October 8) with external battery pack. Instrument position at MBARI waypoint ""AC-RP-DEP"""
MB,1,SB,NA,Complete,moored,WCoastUSA,ST500HF,4915,NA,NA,NA,NA,36.876389,-121.861417,8/6/2019 0:00:00,21,R/V Paragon (MBARI),10/23/2019 0:00:00,36.876389,-121.861417,R/V Paragon (MBARI),NA,1,1,,2,,3,,NA,8/6/2019 18:42:00,10/23/2019 15:50:00,60,60,96,,good,0,48,SB01,NA,Yes,12dB,200 us,1000us,Yes,500 us,500 us,NA,NA,NA,No,Yes,Yes - Bucket,58324,91,1.2 cm (new),,,,"Anne Simonis, Jared Figurski, Meghan Ignatowicz, Katherine Whitaker","Off Sunset State Beach, 3-256 GB external cards. On the previous day, one battery leaked. The instrument was cleaned and tested overnight with new batteries. Started recording at dock with remote. Deployed near spawning aggregation of market squid. Drop Cam footage showed squid eggs, sand dabs. 2 squid light boats, about 6 recreational fishing boats catching halibut, 2 trawlers (salmon?), MBARI waypoint = ""AC SS DEP"""
MB,2,SB,NA,Complete,moored,WCoastUSA,ST500HF,4915,NA,NA,NA,NA,36.87635,-121.86135,10/23/2019 0:00:00,21,R/V Paragon (MBARI),2/26/2020 0:00:00,36.87635,-121.86135,R4107 (MBNMS),NA,1,1,,2,,3,,NA,10/23/2019 16:00:00,2/26/2020 23:04:34,60,60,96,,good,0,48,"SB02
",NA,Yes,12dB,200 us,1000us,Yes,500 us,500 us,NA,NA,NA,No,Yes,Yes - Bucket,58324,91,some wear - see photos,,,,"Anne Simonis, Jared Figurski, Katherine Whitaker","Sunset State Beach, two 256 GB cards, deployed with two 18 lb buoys to prevent failure of weight retrieval system
"
MB,1,SC,NA,Complete,moored,WCoastUSA,ST500HF,5288,NA,NA,NA,NA,36.92385,-122.00496,10/23/2019 0:00:00,30,R/V Paragon (MBARI),2/26/2020 0:00:00,36.92385,-122.00496,R/V Paragon (MBARI),NA,1,1,,2,,3,,NA,10/23/2019 20:43:00,12/16/2019 7:26:07,60,60,96,,good,0,48,SC01,NA,Yes,12dB,200 us,1000us,Yes,500 us,500 us,NA,NA,NA,No,Yes,Yes - Bucket,58323,90,--,,,,"Anne Simonis, Jared Figurski, Katherine Whitaker",repositioned 1 mile south of original point to avoid rocky reef bottom and crab pots